time,volume,close,high,open,low
2018-03-16 09:30:00,0,2210.0,2210.0,2210.0,2210.0
2018-03-15 09:30:00,0,2210.0,2210.0,2210.0,2210.0
2018-03-14 09:30:00,0,2210.0,2210.0,2210.0,2210.0
2018-03-13 09:30:00,0,2210.0,2210.0,2210.0,2210.0
2018-03-12 09:30:00,0,2210.0,2210.0,2210.0,2210.0
2018-03-09 09:30:00,0,2210.0,2210.0,2210.0,2210.0
2018-03-08 09:30:00,0,2210.0,2210.0,2210.0,2210.0
2018-03-07 09:30:00,0,2210.0,2210.0,2210.0,2210.0
2018-03-06 09:30:00,0,2210.0,2210.0,2210.0,2210.0
2018-03-05 09:30:00,0,2210.0,2210.0,2210.0,2210.0
2018-03-02 09:30:00,0,2210.0,2210.0,2210.0,2210.0
2018-03-01 09:30:00,0,2210.0,2210.0,2210.0,2210.0
2018-02-28 09:30:00,0,2210.0,2210.0,2210.0,2210.0
2018-02-27 09:30:00,0,2210.0,2210.0,2210.0,2210.0
2018-02-26 09:30:00,0,2210.0,2210.0,2210.0,2210.0
2018-02-23 09:30:00,0,2210.0,2210.0,2210.0,2210.0
2018-02-22 09:30:00,0,2210.0,2210.0,2210.0,2210.0
2018-02-21 09:30:00,0,2210.0,2210.0,2210.0,2210.0
2018-02-20 09:30:00,0,2210.0,2210.0,2210.0,2210.0
2018-02-16 09:30:00,0,2210.0,2210.0,2210.0,2210.0
2018-02-15 09:30:00,0,2210.0,2210.0,2210.0,2210.0
2018-02-14 09:30:00,0,2210.0,2210.0,2210.0,2210.0
2018-02-13 09:30:00,0,2210.0,2210.0,2210.0,2210.0
2018-02-12 09:30:00,0,2210.0,2210.0,2210.0,2210.0
2018-02-09 09:30:00,0,2210.0,2210.0,2210.0,2210.0
2018-02-08 09:30:00,0,2210.0,2210.0,2210.0,2210.0
2018-02-07 09:30:00,0,2210.0,2210.0,2210.0,2210.0
2018-02-06 09:30:00,0,2210.0,2210.0,2210.0,2210.0
2018-02-05 09:30:00,0,2210.0,2210.0,2210.0,2210.0
2018-02-02 09:30:00,0,2210.0,2210.0,2210.0,2210.0
2018-02-01 09:30:00,0,2210.0,2210.0,2210.0,2210.0
2018-01-31 09:30:00,0,2210.0,2210.0,2210.0,2210.0
2018-01-30 09:30:00,0,2210.0,2210.0,2210.0,2210.0
2018-01-29 09:30:00,0,2210.0,2210.0,2210.0,2210.0
2018-01-26 09:30:00,0,2210.0,2210.0,2210.0,2210.0
2018-01-25 09:30:00,0,2210.0,2210.0,2210.0,2210.0
2018-01-24 09:30:00,0,2210.0,2210.0,2210.0,2210.0
2018-01-23 09:30:00,0,2210.0,2210.0,2210.0,2210.0
2018-01-22 09:30:00,0,2210.0,2210.0,2210.0,2210.0
2018-01-19 09:30:00,100,2210.0,2210.0,2210.0,2210.0
2018-01-18 09:30:00,0,2400.0,2400.0,2400.0,2400.0
2018-01-17 09:30:00,0,2400.0,2400.0,2400.0,2400.0
2018-01-16 09:30:00,0,2400.0,2400.0,2400.0,2400.0
2018-01-12 09:30:00,0,2400.0,2400.0,2400.0,2400.0
2018-01-11 09:30:00,0,2400.0,2400.0,2400.0,2400.0
2018-01-10 09:30:00,0,2400.0,2400.0,2400.0,2400.0
2018-01-09 09:30:00,0,2400.0,2400.0,2400.0,2400.0
2018-01-08 09:30:00,0,2400.0,2400.0,2400.0,2400.0
2018-01-05 09:30:00,0,2400.0,2400.0,2400.0,2400.0
2018-01-04 09:30:00,0,2400.0,2400.0,2400.0,2400.0
2018-01-03 09:30:00,0,2400.0,2400.0,2400.0,2400.0
2018-01-02 09:30:00,0,2400.0,2400.0,2400.0,2400.0
2017-12-29 09:30:00,0,2400.0,2400.0,2400.0,2400.0
2017-12-28 09:30:00,0,2400.0,2400.0,2400.0,2400.0
2017-12-27 09:30:00,0,2400.0,2400.0,2400.0,2400.0
2017-12-26 09:30:00,0,2400.0,2400.0,2400.0,2400.0
2017-12-22 09:30:00,0,2400.0,2400.0,2400.0,2400.0
2017-12-21 09:30:00,0,2400.0,2400.0,2400.0,2400.0
2017-12-20 09:30:00,0,2400.0,2400.0,2400.0,2400.0
2017-12-19 09:30:00,0,2400.0,2400.0,2400.0,2400.0
2017-12-18 09:30:00,0,2400.0,2400.0,2400.0,2400.0
2017-12-15 09:30:00,0,2400.0,2400.0,2400.0,2400.0
2017-12-14 09:30:00,0,2400.0,2400.0,2400.0,2400.0
2017-12-13 09:30:00,0,2400.0,2400.0,2400.0,2400.0
2017-12-12 09:30:00,0,2400.0,2400.0,2400.0,2400.0
2017-12-11 09:30:00,0,2400.0,2400.0,2400.0,2400.0
2017-12-08 09:30:00,0,2400.0,2400.0,2400.0,2400.0
2017-12-07 09:30:00,0,2400.0,2400.0,2400.0,2400.0
2017-12-06 09:30:00,0,2400.0,2400.0,2400.0,2400.0
2017-12-05 09:30:00,0,2400.0,2400.0,2400.0,2400.0
2017-12-04 09:30:00,0,2400.0,2400.0,2400.0,2400.0
2017-12-01 09:30:00,0,2400.0,2400.0,2400.0,2400.0
2017-11-30 09:30:00,0,2400.0,2400.0,2400.0,2400.0
2017-11-29 09:30:00,0,2400.0,2400.0,2400.0,2400.0
2017-11-28 09:30:00,0,2400.0,2400.0,2400.0,2400.0
2017-11-27 09:30:00,0,2400.0,2400.0,2400.0,2400.0
2017-11-24 09:30:00,0,2400.0,2400.0,2400.0,2400.0
2017-11-22 09:30:00,0,2400.0,2400.0,2400.0,2400.0
2017-11-21 09:30:00,0,2400.0,2400.0,2400.0,2400.0
2017-11-20 09:30:00,0,2400.0,2400.0,2400.0,2400.0
2017-11-17 09:30:00,0,2400.0,2400.0,2400.0,2400.0
2017-11-16 09:30:00,0,2400.0,2400.0,2400.0,2400.0
2017-11-15 09:30:00,0,2400.0,2400.0,2400.0,2400.0
2017-11-14 09:30:00,0,2400.0,2400.0,2400.0,2400.0
2017-11-13 09:30:00,0,2400.0,2400.0,2400.0,2400.0
2017-11-10 09:30:00,0,2400.0,2400.0,2400.0,2400.0
2017-11-09 09:30:00,0,2400.0,2400.0,2400.0,2400.0
2017-11-08 09:30:00,0,2400.0,2400.0,2400.0,2400.0
2017-11-07 09:30:00,0,2400.0,2400.0,2400.0,2400.0
2017-11-06 09:30:00,100,2400.0,2400.0,2400.0,2400.0
2017-11-03 09:30:00,100,2450.0,2450.0,2450.0,2450.0
2017-11-02 09:30:00,0,2150.0,2150.0,2150.0,2150.0
2017-11-01 09:30:00,0,2150.0,2150.0,2150.0,2150.0
2017-10-31 09:30:00,0,2150.0,2150.0,2150.0,2150.0
2017-10-30 09:30:00,0,2150.0,2150.0,2150.0,2150.0
2017-10-27 09:30:00,0,2150.0,2150.0,2150.0,2150.0
2017-10-26 09:30:00,0,2150.0,2150.0,2150.0,2150.0
2017-10-25 09:30:00,0,2150.0,2150.0,2150.0,2150.0
2017-10-24 09:30:00,0,2150.0,2150.0,2150.0,2150.0
2017-10-23 09:30:00,0,2150.0,2150.0,2150.0,2150.0
2017-10-20 09:30:00,0,2150.0,2150.0,2150.0,2150.0
2017-10-19 09:30:00,0,2150.0,2150.0,2150.0,2150.0
2017-10-18 09:30:00,0,2150.0,2150.0,2150.0,2150.0
2017-10-17 09:30:00,0,2150.0,2150.0,2150.0,2150.0
2017-10-16 09:30:00,0,2150.0,2150.0,2150.0,2150.0
2017-10-13 09:30:00,0,2150.0,2150.0,2150.0,2150.0
2017-10-12 09:30:00,0,2150.0,2150.0,2150.0,2150.0
2017-10-11 09:30:00,0,2150.0,2150.0,2150.0,2150.0
2017-10-10 09:30:00,0,2150.0,2150.0,2150.0,2150.0
2017-10-09 09:30:00,0,2150.0,2150.0,2150.0,2150.0
2017-10-06 09:30:00,0,2150.0,2150.0,2150.0,2150.0
2017-10-05 09:30:00,0,2150.0,2150.0,2150.0,2150.0
2017-10-04 09:30:00,0,2150.0,2150.0,2150.0,2150.0
2017-10-03 09:30:00,100,2150.0,2150.0,2150.0,2150.0
2017-10-02 09:30:00,0,2150.0,2150.0,2150.0,2150.0
2017-09-29 09:30:00,0,2150.0,2150.0,2150.0,2150.0
2017-09-28 09:30:00,0,2150.0,2150.0,2150.0,2150.0
2017-09-27 09:30:00,100,2150.0,2150.0,2150.0,2150.0
2017-09-26 09:30:00,0,2100.0,2100.0,2100.0,2100.0
2017-09-25 09:30:00,0,2100.0,2100.0,2100.0,2100.0
2017-09-22 09:30:00,0,2100.0,2100.0,2100.0,2100.0
2017-09-21 09:30:00,0,2100.0,2100.0,2100.0,2100.0
2017-09-20 09:30:00,0,2100.0,2100.0,2100.0,2100.0
2017-09-19 09:30:00,0,2100.0,2100.0,2100.0,2100.0
2017-09-18 09:30:00,0,2100.0,2100.0,2100.0,2100.0
2017-09-15 09:30:00,0,2100.0,2100.0,2100.0,2100.0
2017-09-14 09:30:00,0,2100.0,2100.0,2100.0,2100.0
2017-09-13 09:30:00,0,2100.0,2100.0,2100.0,2100.0
2017-09-12 09:30:00,0,2100.0,2100.0,2100.0,2100.0
2017-09-11 09:30:00,100,2100.0,2100.0,2100.0,2100.0
2017-09-08 09:30:00,0,1975.0,1975.0,1975.0,1975.0
2017-09-07 09:30:00,0,1975.0,1975.0,1975.0,1975.0
2017-09-06 09:30:00,0,1975.0,1975.0,1975.0,1975.0
2017-09-05 09:30:00,0,1975.0,1975.0,1975.0,1975.0
2017-09-01 09:30:00,100,1975.0,1975.0,1975.0,1975.0
2017-08-31 09:30:00,0,1950.0,1950.0,1950.0,1950.0
2017-08-30 09:30:00,0,1950.0,1950.0,1950.0,1950.0
2017-08-29 09:30:00,0,1950.0,1950.0,1950.0,1950.0
2017-08-28 09:30:00,100,1950.0,1950.0,1950.0,1900.0
2017-08-25 09:30:00,0,2000.0,2000.0,2000.0,2000.0
2017-08-24 09:30:00,100,2000.0,2000.0,2000.0,1900.0
2017-08-23 09:30:00,100,2020.0,2020.0,2020.0,2000.0
2017-08-22 09:30:00,100,2030.0,2030.0,2030.0,2030.0
2017-08-21 09:30:00,0,2100.0,2100.0,2100.0,2100.0
2017-08-18 09:30:00,0,2100.0,2100.0,2100.0,2100.0
2017-08-17 09:30:00,0,2100.0,2100.0,2100.0,2100.0
2017-08-16 09:30:00,0,2100.0,2100.0,2100.0,2100.0
2017-08-15 09:30:00,0,2100.0,2100.0,2100.0,2100.0
2017-08-14 09:30:00,0,2081.0,2081.0,2081.0,2081.0
2017-08-11 09:30:00,0,2081.0,2081.0,2081.0,2081.0
2017-08-10 09:30:00,0,2081.0,2081.0,2081.0,2081.0
2017-08-09 09:30:00,0,2081.0,2081.0,2081.0,2081.0
2017-08-08 09:30:00,0,2081.0,2081.0,2081.0,2081.0
2017-08-07 09:30:00,0,2081.0,2081.0,2081.0,2081.0
2017-08-04 09:30:00,0,2081.0,2081.0,2081.0,2081.0
2017-08-03 09:30:00,0,2081.0,2081.0,2081.0,2081.0
2017-08-02 09:30:00,0,2081.0,2081.0,2081.0,2081.0
2017-08-01 09:30:00,0,2081.0,2081.0,2081.0,2081.0
2017-07-31 09:30:00,0,2081.0,2081.0,2081.0,2081.0
2017-07-28 09:30:00,0,2081.0,2081.0,2081.0,2081.0
2017-07-27 09:30:00,0,2081.0,2081.0,2081.0,2081.0
2017-07-26 09:30:00,0,2081.0,2081.0,2081.0,2081.0
2017-07-25 09:30:00,0,2081.0,2081.0,2081.0,2081.0
2017-07-24 09:30:00,0,2081.0,2081.0,2081.0,2081.0
2017-07-21 09:30:00,0,2081.0,2081.0,2081.0,2081.0
2017-07-20 09:30:00,100,2320.0,2320.0,2320.0,2320.0
2017-07-19 09:30:00,0,2080.0,2080.0,2080.0,2080.0
2017-07-18 09:30:00,0,2080.0,2080.0,2080.0,2080.0
2017-07-17 09:30:00,0,2080.0,2080.0,2080.0,2080.0
2017-07-14 09:30:00,0,2080.0,2080.0,2080.0,2080.0
2017-07-13 09:30:00,0,2080.0,2080.0,2080.0,2080.0
2017-07-12 09:30:00,0,2080.0,2080.0,2080.0,2080.0
2017-07-11 09:30:00,0,2080.0,2080.0,2080.0,2080.0
2017-07-10 09:30:00,0,2080.0,2080.0,2080.0,2080.0
2017-07-07 09:30:00,100,2080.0,2080.0,2080.0,2080.0
2017-07-06 09:30:00,0,2000.0,2000.0,2000.0,2000.0
2017-07-05 09:30:00,0,2000.0,2000.0,2000.0,2000.0
2017-07-03 09:30:00,0,2000.0,2000.0,2000.0,2000.0
2017-06-30 09:30:00,0,2000.0,2000.0,2000.0,2000.0
2017-06-29 09:30:00,0,2000.0,2000.0,2000.0,2000.0
2017-06-28 09:30:00,0,2000.0,2000.0,2000.0,2000.0
2017-06-27 09:30:00,0,2000.0,2000.0,2000.0,2000.0
2017-06-26 09:30:00,0,2000.0,2000.0,2000.0,2000.0
2017-06-23 09:30:00,0,2000.0,2000.0,2000.0,2000.0
2017-06-22 09:30:00,0,2000.0,2000.0,2000.0,2000.0
2017-06-21 09:30:00,0,2000.0,2000.0,2000.0,2000.0
2017-06-20 09:30:00,0,2000.0,2000.0,2000.0,2000.0
2017-06-19 09:30:00,0,2000.0,2000.0,2000.0,2000.0
2017-06-16 09:30:00,0,2000.0,2000.0,2000.0,2000.0
2017-06-15 09:30:00,0,2000.0,2000.0,2000.0,2000.0
2017-06-14 09:30:00,0,2000.0,2000.0,2000.0,2000.0
2017-06-13 09:30:00,0,2000.0,2000.0,2000.0,2000.0
2017-06-12 09:30:00,0,2000.0,2000.0,2000.0,2000.0
2017-06-09 09:30:00,0,2000.0,2000.0,2000.0,2000.0
2017-06-08 09:30:00,0,2000.0,2000.0,2000.0,2000.0
2017-06-07 09:30:00,0,2000.0,2000.0,2000.0,2000.0
2017-06-06 09:30:00,0,1850.0,1850.0,1850.0,1850.0
2017-06-05 09:30:00,0,1850.0,1850.0,1850.0,1850.0
2017-06-02 09:30:00,0,1850.0,1850.0,1850.0,1850.0
2017-06-01 09:30:00,0,1850.0,1850.0,1850.0,1850.0
2017-05-31 09:30:00,0,1850.0,1850.0,1850.0,1850.0
2017-05-30 09:30:00,0,1850.0,1850.0,1850.0,1850.0
2017-05-26 09:30:00,0,1850.0,1850.0,1850.0,1850.0
2017-05-25 09:30:00,0,1850.0,1850.0,1850.0,1850.0
2017-05-24 09:30:00,0,1850.0,1850.0,1850.0,1850.0
2017-05-23 09:30:00,0,1850.0,1850.0,1850.0,1850.0
2017-05-22 09:30:00,0,1850.0,1850.0,1850.0,1850.0
2017-05-19 09:30:00,0,1850.0,1850.0,1850.0,1850.0
2017-05-18 09:30:00,0,1850.0,1850.0,1850.0,1850.0
2017-05-17 09:30:00,0,1850.0,1850.0,1850.0,1850.0
2017-05-16 09:30:00,0,1850.0,1850.0,1850.0,1850.0
2017-05-15 09:30:00,0,1850.0,1850.0,1850.0,1850.0
2017-05-12 09:30:00,0,1850.0,1850.0,1850.0,1850.0
2017-05-11 09:30:00,0,1850.0,1850.0,1850.0,1850.0
2017-05-10 09:30:00,0,1850.0,1850.0,1850.0,1850.0
2017-05-09 09:30:00,0,1850.0,1850.0,1850.0,1850.0
2017-05-08 09:30:00,0,1850.0,1850.0,1850.0,1850.0
2017-05-05 09:30:00,0,1850.0,1850.0,1850.0,1850.0
2017-05-04 09:30:00,0,1850.0,1850.0,1850.0,1850.0
2017-05-03 09:30:00,0,1850.0,1850.0,1850.0,1850.0
2017-05-02 09:30:00,0,1850.0,1850.0,1850.0,1850.0
2017-05-01 09:30:00,0,1850.0,1850.0,1850.0,1850.0
2017-04-28 09:30:00,400,1850.0,1970.0,1850.0,1850.0
2017-04-27 09:30:00,0,1850.0,1850.0,1850.0,1850.0
2017-04-26 09:30:00,0,1850.0,1850.0,1850.0,1850.0
2017-04-25 09:30:00,0,1850.0,1850.0,1850.0,1850.0
2017-04-24 09:30:00,0,1850.0,1850.0,1850.0,1850.0
2017-04-21 09:30:00,0,1850.0,1850.0,1850.0,1850.0
2017-04-20 09:30:00,2600,1850.0,1850.0,1850.0,1850.0
2017-04-19 09:30:00,0,1850.0,1850.0,1850.0,1850.0
2017-04-18 09:30:00,100,1850.0,1850.0,1850.0,1850.0
2017-04-17 09:30:00,0,1500.0,1500.0,1500.0,1500.0
2017-04-13 09:30:00,0,1500.0,1500.0,1500.0,1500.0
2017-04-12 09:30:00,0,1500.0,1500.0,1500.0,1500.0
2017-04-11 09:30:00,0,1500.0,1500.0,1500.0,1500.0
2017-04-10 09:30:00,0,1500.0,1500.0,1500.0,1500.0
2017-04-07 09:30:00,0,1500.0,1500.0,1500.0,1500.0
2017-04-06 09:30:00,0,1500.0,1500.0,1500.0,1500.0
2017-04-05 09:30:00,0,1500.0,1500.0,1500.0,1500.0
2017-04-04 09:30:00,0,1500.0,1500.0,1500.0,1500.0
2017-04-03 09:30:00,0,1500.0,1500.0,1500.0,1500.0
2017-03-31 09:30:00,0,1500.0,1500.0,1500.0,1500.0
2017-03-30 09:30:00,0,1500.0,1500.0,1500.0,1500.0
2017-03-29 09:30:00,0,1500.0,1500.0,1500.0,1500.0
2017-03-28 09:30:00,0,1500.0,1500.0,1500.0,1500.0
2017-03-27 09:30:00,0,1500.0,1500.0,1500.0,1500.0
2017-03-24 09:30:00,0,1500.0,1500.0,1500.0,1500.0
2017-03-23 09:30:00,0,1500.0,1500.0,1500.0,1500.0
2017-03-22 09:30:00,0,1500.0,1500.0,1500.0,1500.0
2017-03-21 09:30:00,0,1500.0,1500.0,1500.0,1500.0
2017-03-20 09:30:00,0,1500.0,1500.0,1500.0,1500.0
2017-03-17 09:30:00,0,1500.0,1500.0,1500.0,1500.0
2017-03-16 09:30:00,0,1500.0,1500.0,1500.0,1500.0
2017-03-15 09:30:00,0,1500.0,1500.0,1500.0,1500.0
2017-03-14 09:30:00,0,1500.0,1500.0,1500.0,1500.0
2017-03-13 09:30:00,0,1500.0,1500.0,1500.0,1500.0
2017-03-10 09:30:00,0,1500.0,1500.0,1500.0,1500.0
2017-03-09 09:30:00,0,1500.0,1500.0,1500.0,1500.0
2017-03-08 09:30:00,0,1500.0,1500.0,1500.0,1500.0
2017-03-07 09:30:00,0,1500.0,1500.0,1500.0,1500.0
2017-03-06 09:30:00,0,1500.0,1500.0,1500.0,1500.0
2017-03-03 09:30:00,0,1500.0,1500.0,1500.0,1500.0
2017-03-02 09:30:00,0,1500.0,1500.0,1500.0,1500.0
2017-03-01 09:30:00,0,1500.0,1500.0,1500.0,1500.0
2017-02-28 09:30:00,0,1500.0,1500.0,1500.0,1500.0
2017-02-27 09:30:00,0,1500.0,1500.0,1500.0,1500.0
2017-02-24 09:30:00,0,1500.0,1500.0,1500.0,1500.0
2017-02-23 09:30:00,0,1500.0,1500.0,1500.0,1500.0
2017-02-22 09:30:00,0,1500.0,1500.0,1500.0,1500.0
2017-02-21 09:30:00,0,1500.0,1500.0,1500.0,1500.0
2017-02-17 09:30:00,0,1500.0,1500.0,1500.0,1500.0
2017-02-16 09:30:00,0,1500.0,1500.0,1500.0,1500.0
2017-02-15 09:30:00,0,1500.0,1500.0,1500.0,1500.0
2017-02-14 09:30:00,0,1500.0,1500.0,1500.0,1500.0
2017-02-13 09:30:00,0,1500.0,1500.0,1500.0,1500.0
2017-02-10 09:30:00,0,1500.0,1500.0,1500.0,1500.0
2017-02-09 09:30:00,0,1500.0,1500.0,1500.0,1500.0
2017-02-08 09:30:00,0,1500.0,1500.0,1500.0,1500.0
2017-02-07 09:30:00,0,1500.0,1500.0,1500.0,1500.0
2017-02-06 09:30:00,0,1500.0,1500.0,1500.0,1500.0
2017-02-03 09:30:00,0,1500.0,1500.0,1500.0,1500.0
2017-02-02 09:30:00,0,1500.0,1500.0,1500.0,1500.0
2017-02-01 09:30:00,0,1500.0,1500.0,1500.0,1500.0
2017-01-31 09:30:00,0,1500.0,1500.0,1500.0,1500.0
2017-01-30 09:30:00,0,1500.0,1500.0,1500.0,1500.0
2017-01-27 09:30:00,100,1500.0,1500.0,1500.0,1500.0
2017-01-26 09:30:00,0,1400.0,1400.0,1400.0,1400.0
2017-01-25 09:30:00,0,1400.0,1400.0,1400.0,1400.0
2017-01-24 09:30:00,100,1400.0,1400.0,1400.0,1400.0
2017-01-23 09:30:00,0,1250.0,1250.0,1250.0,1250.0
2017-01-20 09:30:00,0,1250.0,1250.0,1250.0,1250.0
2017-01-19 09:30:00,0,1250.0,1250.0,1250.0,1250.0
2017-01-18 09:30:00,0,1250.0,1250.0,1250.0,1250.0
2017-01-17 09:30:00,0,1250.0,1250.0,1250.0,1250.0
2017-01-13 09:30:00,0,1250.0,1250.0,1250.0,1250.0
2017-01-12 09:30:00,0,1250.0,1250.0,1250.0,1250.0
2017-01-11 09:30:00,0,1250.0,1250.0,1250.0,1250.0
2017-01-10 09:30:00,0,1250.0,1250.0,1250.0,1250.0
2017-01-09 09:30:00,0,1250.0,1250.0,1250.0,1250.0
2017-01-06 09:30:00,0,1250.0,1250.0,1250.0,1250.0
2017-01-05 09:30:00,0,1250.0,1250.0,1250.0,1250.0
2017-01-04 09:30:00,0,1250.0,1250.0,1250.0,1250.0
2017-01-03 09:30:00,0,1250.0,1250.0,1250.0,1250.0
2016-12-30 09:30:00,0,1250.0,1250.0,1250.0,1250.0
2016-12-29 09:30:00,0,1250.0,1250.0,1250.0,1250.0
2016-12-28 09:30:00,0,1250.0,1250.0,1250.0,1250.0
2016-12-27 09:30:00,0,1250.0,1250.0,1250.0,1250.0
2016-12-23 09:30:00,0,1250.0,1250.0,1250.0,1250.0
2016-12-22 09:30:00,0,1250.0,1250.0,1250.0,1250.0
2016-12-21 09:30:00,0,1250.0,1250.0,1250.0,1250.0
2016-12-20 09:30:00,0,1250.0,1250.0,1250.0,1250.0
2016-12-19 09:30:00,0,1250.0,1250.0,1250.0,1250.0
2016-12-16 09:30:00,0,1250.0,1250.0,1250.0,1250.0
2016-12-15 09:30:00,0,1250.0,1250.0,1250.0,1250.0
2016-12-14 09:30:00,0,1250.0,1250.0,1250.0,1250.0
2016-12-13 09:30:00,0,1250.0,1250.0,1250.0,1250.0
2016-12-12 09:30:00,0,1250.0,1250.0,1250.0,1250.0
2016-12-09 09:30:00,0,1250.0,1250.0,1250.0,1250.0
2016-12-08 09:30:00,0,1250.0,1250.0,1250.0,1250.0
2016-12-07 09:30:00,0,1250.0,1250.0,1250.0,1250.0
2016-12-06 09:30:00,0,1250.0,1250.0,1250.0,1250.0
2016-12-05 09:30:00,0,1250.0,1250.0,1250.0,1250.0
2016-12-02 09:30:00,0,1250.0,1250.0,1250.0,1250.0
2016-12-01 09:30:00,0,1250.0,1250.0,1250.0,1250.0
2016-11-30 09:30:00,0,1250.0,1250.0,1250.0,1250.0
2016-11-29 09:30:00,0,1250.0,1250.0,1250.0,1250.0
2016-11-28 09:30:00,0,1250.0,1250.0,1250.0,1250.0
2016-11-25 09:30:00,0,1250.0,1250.0,1250.0,1250.0
2016-11-23 09:30:00,0,1250.0,1250.0,1250.0,1250.0
2016-11-22 09:30:00,0,1250.0,1250.0,1250.0,1250.0
2016-11-21 09:30:00,0,1250.0,1250.0,1250.0,1250.0
2016-11-18 09:30:00,0,1250.0,1250.0,1250.0,1250.0
2016-11-17 09:30:00,0,1250.0,1250.0,1250.0,1250.0
2016-11-16 09:30:00,0,1250.0,1250.0,1250.0,1250.0
2016-11-15 09:30:00,0,1250.0,1250.0,1250.0,1250.0
2016-11-14 09:30:00,0,1250.0,1250.0,1250.0,1250.0
2016-11-11 09:30:00,0,1250.0,1250.0,1250.0,1250.0
2016-11-10 09:30:00,0,1250.0,1250.0,1250.0,1250.0
2016-11-09 09:30:00,0,1250.0,1250.0,1250.0,1250.0
2016-11-08 09:30:00,0,1250.0,1250.0,1250.0,1250.0
2016-11-07 09:30:00,0,1250.0,1250.0,1250.0,1250.0
2016-11-04 09:30:00,0,1250.0,1250.0,1250.0,1250.0
2016-11-03 09:30:00,0,1250.0,1250.0,1250.0,1250.0
2016-11-02 09:30:00,0,1250.0,1250.0,1250.0,1250.0
2016-11-01 09:30:00,0,1250.0,1250.0,1250.0,1250.0
2016-10-31 09:30:00,0,1250.0,1250.0,1250.0,1250.0
2016-10-28 09:30:00,0,1250.0,1250.0,1250.0,1250.0
2016-10-27 09:30:00,0,1250.0,1250.0,1250.0,1250.0
2016-10-26 09:30:00,0,1250.0,1250.0,1250.0,1250.0
2016-10-25 09:30:00,0,1250.0,1250.0,1250.0,1250.0
2016-10-24 09:30:00,0,1250.0,1250.0,1250.0,1250.0
2016-10-21 09:30:00,0,1250.0,1250.0,1250.0,1250.0
2016-10-20 09:30:00,0,1250.0,1250.0,1250.0,1250.0
2016-10-19 09:30:00,100,1250.0,1450.0,1250.0,1250.0
2016-10-18 09:30:00,0,1425.0,1425.0,1425.0,1425.0
2016-10-17 09:30:00,0,1425.0,1425.0,1425.0,1425.0
2016-10-14 09:30:00,0,1425.0,1425.0,1425.0,1425.0
2016-10-13 09:30:00,100,1425.0,1425.0,1425.0,1425.0
2016-10-12 09:30:00,0,1350.0,1350.0,1350.0,1350.0
2016-10-11 09:30:00,0,1350.0,1350.0,1350.0,1350.0
2016-10-10 09:30:00,100,1350.0,1350.0,1350.0,1350.0
2016-10-07 09:30:00,100,1350.0,1350.0,1350.0,1350.0
2016-10-06 09:30:00,0,1600.0,1600.0,1600.0,1600.0
2016-10-05 09:30:00,100,1600.0,1600.0,1600.0,1600.0
2016-10-04 09:30:00,0,1550.0,1550.0,1550.0,1550.0
2016-10-03 09:30:00,0,1550.0,1550.0,1550.0,1550.0
2016-09-30 09:30:00,0,1550.0,1550.0,1550.0,1550.0
2016-09-29 09:30:00,0,1550.0,1550.0,1550.0,1550.0
2016-09-28 09:30:00,0,1550.0,1550.0,1550.0,1550.0
2016-09-27 09:30:00,0,1550.0,1550.0,1550.0,1550.0
2016-09-26 09:30:00,0,1550.0,1550.0,1550.0,1550.0
2016-09-23 09:30:00,100,1550.0,1550.0,1550.0,1490.0
2016-09-22 09:30:00,0,1250.0,1250.0,1250.0,1250.0
2016-09-21 09:30:00,0,1250.0,1250.0,1250.0,1250.0
2016-09-20 09:30:00,0,1250.0,1250.0,1250.0,1250.0
2016-09-19 09:30:00,0,1250.0,1250.0,1250.0,1250.0
2016-09-16 09:30:00,0,1250.0,1250.0,1250.0,1250.0
2016-09-15 09:30:00,0,1250.0,1250.0,1250.0,1250.0
2016-09-14 09:30:00,0,1250.0,1250.0,1250.0,1250.0
2016-09-13 09:30:00,0,1250.0,1250.0,1250.0,1250.0
2016-09-12 09:30:00,0,1250.0,1250.0,1250.0,1250.0
2016-09-09 09:30:00,0,1250.0,1250.0,1250.0,1250.0
2016-09-08 09:30:00,0,1250.0,1250.0,1250.0,1250.0
2016-09-07 09:30:00,0,1250.0,1250.0,1250.0,1250.0
2016-09-06 09:30:00,0,1250.0,1250.0,1250.0,1250.0
2016-09-02 09:30:00,0,1250.0,1250.0,1250.0,1250.0
2016-09-01 09:30:00,0,1250.0,1250.0,1250.0,1250.0
2016-08-31 09:30:00,0,1250.0,1250.0,1250.0,1250.0
2016-08-30 09:30:00,100,1250.0,1250.0,1250.0,1250.0
2016-08-29 09:30:00,0,1220.0,1220.0,1220.0,1220.0
2016-08-26 09:30:00,0,1220.0,1220.0,1220.0,1220.0
2016-08-25 09:30:00,0,1220.0,1220.0,1220.0,1220.0
2016-08-24 09:30:00,0,1220.0,1220.0,1220.0,1220.0
2016-08-23 09:30:00,0,1220.0,1220.0,1220.0,1220.0
2016-08-22 09:30:00,0,1220.0,1220.0,1220.0,1220.0
2016-08-19 09:30:00,0,1220.0,1220.0,1220.0,1220.0
2016-08-18 09:30:00,0,1220.0,1220.0,1220.0,1220.0
2016-08-17 09:30:00,0,1220.0,1220.0,1220.0,1220.0
2016-08-16 09:30:00,0,1220.0,1220.0,1220.0,1220.0
2016-08-15 09:30:00,0,1220.0,1220.0,1220.0,1220.0
2016-08-12 09:30:00,0,1220.0,1220.0,1220.0,1220.0
2016-08-11 09:30:00,0,1220.0,1220.0,1220.0,1220.0
2016-08-10 09:30:00,0,1220.0,1220.0,1220.0,1220.0
2016-08-09 09:30:00,0,1220.0,1220.0,1220.0,1220.0
2016-08-08 09:30:00,0,1220.0,1220.0,1220.0,1220.0
2016-08-05 09:30:00,0,1220.0,1220.0,1220.0,1220.0
2016-08-04 09:30:00,0,1220.0,1220.0,1220.0,1220.0
2016-08-03 09:30:00,0,1220.0,1220.0,1220.0,1220.0
2016-08-02 09:30:00,0,1220.0,1220.0,1220.0,1220.0
2016-08-01 09:30:00,0,1220.0,1220.0,1220.0,1220.0
2016-07-29 09:30:00,0,1220.0,1220.0,1220.0,1220.0
2016-07-28 09:30:00,0,1220.0,1220.0,1220.0,1220.0
2016-07-27 09:30:00,0,1220.0,1220.0,1220.0,1220.0
2016-07-26 09:30:00,0,1220.0,1220.0,1220.0,1220.0
2016-07-25 09:30:00,0,1220.0,1220.0,1220.0,1220.0
2016-07-22 09:30:00,0,1220.0,1220.0,1220.0,1220.0
2016-07-21 09:30:00,0,1220.0,1220.0,1220.0,1220.0
2016-07-20 09:30:00,0,1220.0,1220.0,1220.0,1220.0
2016-07-19 09:30:00,0,1220.0,1220.0,1220.0,1220.0
2016-07-18 09:30:00,0,1220.0,1220.0,1220.0,1220.0
2016-07-15 09:30:00,0,1220.0,1220.0,1220.0,1220.0
2016-07-14 09:30:00,0,1220.0,1220.0,1220.0,1220.0
2016-07-13 09:30:00,0,1220.0,1220.0,1220.0,1220.0
2016-07-12 09:30:00,0,1220.0,1220.0,1220.0,1220.0
2016-07-11 09:30:00,0,1220.0,1220.0,1220.0,1220.0
2016-07-08 09:30:00,0,1220.0,1220.0,1220.0,1220.0
2016-07-07 09:30:00,0,1220.0,1220.0,1220.0,1220.0
2016-07-06 09:30:00,0,1220.0,1220.0,1220.0,1220.0
2016-07-05 09:30:00,0,1220.0,1220.0,1220.0,1220.0
2016-07-01 09:30:00,0,1220.0,1220.0,1220.0,1220.0
2016-06-30 09:30:00,0,1220.0,1220.0,1220.0,1220.0
2016-06-29 09:30:00,0,1220.0,1220.0,1220.0,1220.0
2016-06-28 09:30:00,0,1220.0,1220.0,1220.0,1220.0
2016-06-27 09:30:00,0,1220.0,1220.0,1220.0,1220.0
2016-06-24 09:30:00,0,1220.0,1220.0,1220.0,1220.0
2016-06-23 09:30:00,0,1220.0,1220.0,1220.0,1220.0
2016-06-22 09:30:00,0,1220.0,1220.0,1220.0,1220.0
2016-06-21 09:30:00,100,1220.0,1220.0,1220.0,1220.0
2016-06-20 09:30:00,0,1120.0,1120.0,1120.0,1120.0
2016-06-17 09:30:00,900,1120.0,1120.0,1120.0,1120.0
2016-06-16 09:30:00,0,1120.0,1120.0,1120.0,1120.0
2016-06-15 09:30:00,0,1120.0,1120.0,1120.0,1120.0
2016-06-14 09:30:00,0,1120.0,1120.0,1120.0,1120.0
2016-06-13 09:30:00,100,1120.0,1120.0,1120.0,1120.0
2016-06-10 09:30:00,0,1050.0,1050.0,1050.0,1050.0
2016-06-09 09:30:00,0,1050.0,1050.0,1050.0,1050.0
2016-06-08 09:30:00,0,1050.0,1050.0,1050.0,1050.0
2016-06-07 09:30:00,0,1050.0,1050.0,1050.0,1050.0
2016-06-06 09:30:00,0,1050.0,1050.0,1050.0,1050.0
2016-06-03 09:30:00,0,1050.0,1050.0,1050.0,1050.0
2016-06-02 09:30:00,0,1050.0,1050.0,1050.0,1050.0
2016-06-01 09:30:00,0,1050.0,1050.0,1050.0,1050.0
2016-05-31 09:30:00,0,1050.0,1050.0,1050.0,1050.0
2016-05-27 09:30:00,0,1050.0,1050.0,1050.0,1050.0
2016-05-26 09:30:00,0,1050.0,1050.0,1050.0,1050.0
2016-05-25 09:30:00,0,1050.0,1050.0,1050.0,1050.0
2016-05-24 09:30:00,0,1050.0,1050.0,1050.0,1050.0
2016-05-23 09:30:00,0,1050.0,1050.0,1050.0,1050.0
2016-05-20 09:30:00,0,1050.0,1050.0,1050.0,1050.0
2016-05-19 09:30:00,0,1050.0,1050.0,1050.0,1050.0
2016-05-18 09:30:00,0,1050.0,1050.0,1050.0,1050.0
2016-05-17 09:30:00,0,1050.0,1050.0,1050.0,1050.0
2016-05-16 09:30:00,0,1050.0,1050.0,1050.0,1050.0
2016-05-13 09:30:00,0,1050.0,1050.0,1050.0,1050.0
2016-05-12 09:30:00,0,1050.0,1050.0,1050.0,1050.0
2016-05-11 09:30:00,0,1050.0,1050.0,1050.0,1050.0
2016-05-10 09:30:00,0,1050.0,1050.0,1050.0,1050.0
2016-05-09 09:30:00,0,1050.0,1050.0,1050.0,1050.0
2016-05-06 09:30:00,0,1050.0,1050.0,1050.0,1050.0
2016-05-05 09:30:00,0,1050.0,1050.0,1050.0,1050.0
2016-05-04 09:30:00,0,1050.0,1050.0,1050.0,1050.0
2016-05-03 09:30:00,0,1050.0,1050.0,1050.0,1050.0
2016-05-02 09:30:00,0,1050.0,1050.0,1050.0,1050.0
2016-04-29 09:30:00,0,1050.0,1050.0,1050.0,1050.0
2016-04-28 09:30:00,0,1050.0,1050.0,1050.0,1050.0
2016-04-27 09:30:00,0,1050.0,1050.0,1050.0,1050.0
2016-04-26 09:30:00,0,1050.0,1050.0,1050.0,1050.0
2016-04-25 09:30:00,0,1050.0,1050.0,1050.0,1050.0
2016-04-22 09:30:00,0,1050.0,1050.0,1050.0,1050.0
2016-04-21 09:30:00,0,1050.0,1050.0,1050.0,1050.0
2016-04-20 09:30:00,0,1050.0,1050.0,1050.0,1050.0
2016-04-19 09:30:00,0,1050.0,1050.0,1050.0,1050.0
2016-04-18 09:30:00,0,1050.0,1050.0,1050.0,1050.0
2016-04-15 09:30:00,0,1050.0,1050.0,1050.0,1050.0
2016-04-14 09:30:00,0,1050.0,1050.0,1050.0,1050.0
2016-04-13 09:30:00,0,1050.0,1050.0,1050.0,1050.0
2016-04-12 09:30:00,100,1050.0,1050.0,1050.0,1050.0
2016-04-11 09:30:00,0,1000.0,1000.0,1000.0,1000.0
2016-04-08 09:30:00,0,1000.0,1000.0,1000.0,1000.0
2016-04-07 09:30:00,1300,1000.0,1000.0,1000.0,1000.0
2016-04-06 09:30:00,0,1000.0,1000.0,1000.0,1000.0
2016-04-05 09:30:00,0,1000.0,1000.0,1000.0,1000.0
2016-04-04 09:30:00,0,1000.0,1000.0,1000.0,1000.0
2016-04-01 09:30:00,0,1000.0,1000.0,1000.0,1000.0
2016-03-31 09:30:00,0,1000.0,1000.0,1000.0,1000.0
2016-03-30 09:30:00,0,1000.0,1000.0,1000.0,1000.0
2016-03-29 09:30:00,0,1000.0,1000.0,1000.0,1000.0
2016-03-28 09:30:00,0,1000.0,1000.0,1000.0,1000.0
2016-03-24 09:30:00,0,1000.0,1000.0,1000.0,1000.0
2016-03-23 09:30:00,0,1000.0,1000.0,1000.0,1000.0
2016-03-22 09:30:00,0,1000.0,1000.0,1000.0,1000.0
2016-03-21 09:30:00,0,1000.0,1000.0,1000.0,1000.0
2016-03-18 09:30:00,0,1000.0,1000.0,1000.0,1000.0
2016-03-17 09:30:00,0,1000.0,1000.0,1000.0,1000.0
2016-03-16 09:30:00,0,1000.0,1000.0,1000.0,1000.0
2016-03-15 09:30:00,0,1000.0,1000.0,1000.0,1000.0
2016-03-14 09:30:00,0,1000.0,1000.0,1000.0,1000.0
2016-03-11 09:30:00,0,1000.0,1000.0,1000.0,1000.0
2016-03-10 09:30:00,0,1000.0,1000.0,1000.0,1000.0
2016-03-09 09:30:00,0,1000.0,1000.0,1000.0,1000.0
2016-03-08 09:30:00,0,1000.0,1000.0,1000.0,1000.0
2016-03-07 09:30:00,0,1000.0,1000.0,1000.0,1000.0
2016-03-04 09:30:00,0,1000.0,1000.0,1000.0,1000.0
2016-03-03 09:30:00,0,1000.0,1000.0,1000.0,1000.0
2016-03-02 09:30:00,0,1000.0,1000.0,1000.0,1000.0
2016-03-01 09:30:00,0,1000.0,1000.0,1000.0,1000.0
2016-02-29 09:30:00,0,1000.0,1000.0,1000.0,1000.0
2016-02-26 09:30:00,0,1000.0,1000.0,1000.0,1000.0
2016-02-25 09:30:00,0,1000.0,1000.0,1000.0,1000.0
2016-02-24 09:30:00,0,1000.0,1000.0,1000.0,1000.0
2016-02-23 09:30:00,0,1000.0,1000.0,1000.0,1000.0
2016-02-22 09:30:00,0,1000.0,1000.0,1000.0,1000.0
2016-02-19 09:30:00,0,1000.0,1000.0,1000.0,1000.0
2016-02-18 09:30:00,100,1000.0,1000.0,1000.0,1000.0
2016-02-17 09:30:00,0,1025.0,1025.0,1025.0,1025.0
2016-02-16 09:30:00,0,1025.0,1025.0,1025.0,1025.0
2016-02-12 09:30:00,0,1025.0,1025.0,1025.0,1025.0
2016-02-11 09:30:00,0,1025.0,1025.0,1025.0,1025.0
2016-02-10 09:30:00,0,1025.0,1025.0,1025.0,1025.0
2016-02-09 09:30:00,0,1025.0,1025.0,1025.0,1025.0
2016-02-08 09:30:00,0,1025.0,1025.0,1025.0,1025.0
2016-02-05 09:30:00,0,1025.0,1025.0,1025.0,1025.0
2016-02-04 09:30:00,0,1025.0,1025.0,1025.0,1025.0
2016-02-03 09:30:00,0,1025.0,1025.0,1025.0,1025.0
2016-02-02 09:30:00,0,1025.0,1025.0,1025.0,1025.0
2016-02-01 09:30:00,0,1025.0,1025.0,1025.0,1025.0
2016-01-29 09:30:00,0,1025.0,1025.0,1025.0,1025.0
2016-01-28 09:30:00,0,1025.0,1025.0,1025.0,1025.0
2016-01-27 09:30:00,0,1025.0,1025.0,1025.0,1025.0
2016-01-26 09:30:00,0,1025.0,1025.0,1025.0,1025.0
2016-01-25 09:30:00,0,1025.0,1025.0,1025.0,1025.0
2016-01-22 09:30:00,0,1025.0,1025.0,1025.0,1025.0
2016-01-21 09:30:00,0,1025.0,1025.0,1025.0,1025.0
2016-01-20 09:30:00,0,1025.0,1025.0,1025.0,1025.0
2016-01-19 09:30:00,0,1025.0,1025.0,1025.0,1025.0
2016-01-15 09:30:00,0,1025.0,1025.0,1025.0,1025.0
2016-01-14 09:30:00,0,1025.0,1025.0,1025.0,1025.0
2016-01-13 09:30:00,0,1025.0,1025.0,1025.0,1025.0
2016-01-12 09:30:00,0,1025.0,1025.0,1025.0,1025.0
2016-01-11 09:30:00,0,1025.0,1025.0,1025.0,1025.0
2016-01-08 09:30:00,0,1025.0,1025.0,1025.0,1025.0
2016-01-07 09:30:00,0,1025.0,1025.0,1025.0,1025.0
2016-01-06 09:30:00,0,1025.0,1025.0,1025.0,1025.0
2016-01-05 09:30:00,0,1025.0,1025.0,1025.0,1025.0
2016-01-04 09:30:00,0,1025.0,1025.0,1025.0,1025.0
2015-12-31 09:30:00,0,1025.0,1025.0,1025.0,1025.0
2015-12-30 09:30:00,0,1025.0,1025.0,1025.0,1025.0
2015-12-29 09:30:00,0,1025.0,1025.0,1025.0,1025.0
2015-12-28 09:30:00,100,1025.0,1025.0,1025.0,1025.0
2015-12-24 09:30:00,0,1100.0,1100.0,1100.0,1100.0
2015-12-23 09:30:00,0,1100.0,1100.0,1100.0,1100.0
2015-12-22 09:30:00,0,1100.0,1100.0,1100.0,1100.0
2015-12-21 09:30:00,0,1100.0,1100.0,1100.0,1100.0
2015-12-18 09:30:00,0,1100.0,1100.0,1100.0,1100.0
2015-12-17 09:30:00,0,1100.0,1100.0,1100.0,1100.0
2015-12-16 09:30:00,0,1100.0,1100.0,1100.0,1100.0
2015-12-15 09:30:00,0,1100.0,1100.0,1100.0,1100.0
2015-12-14 09:30:00,0,1100.0,1100.0,1100.0,1100.0
2015-12-11 09:30:00,0,1100.0,1100.0,1100.0,1100.0
2015-12-10 09:30:00,0,1100.0,1100.0,1100.0,1100.0
2015-12-09 09:30:00,0,1100.0,1100.0,1100.0,1100.0
2015-12-08 09:30:00,0,1100.0,1100.0,1100.0,1100.0
2015-12-07 09:30:00,0,1100.0,1100.0,1100.0,1100.0
2015-12-04 09:30:00,0,1100.0,1100.0,1100.0,1100.0
2015-12-03 09:30:00,0,1100.0,1100.0,1100.0,1100.0
2015-12-02 09:30:00,0,1100.0,1100.0,1100.0,1100.0
2015-12-01 09:30:00,0,1100.0,1100.0,1100.0,1100.0
2015-11-30 09:30:00,0,1100.0,1100.0,1100.0,1100.0
2015-11-27 09:30:00,0,1100.0,1100.0,1100.0,1100.0
2015-11-25 09:30:00,0,1100.0,1100.0,1100.0,1100.0
2015-11-24 09:30:00,0,1100.0,1100.0,1100.0,1100.0
2015-11-23 09:30:00,0,1100.0,1100.0,1100.0,1100.0
2015-11-20 09:30:00,0,1100.0,1100.0,1100.0,1100.0
2015-11-19 09:30:00,0,1100.0,1100.0,1100.0,1100.0
2015-11-18 09:30:00,0,1100.0,1100.0,1100.0,1100.0
2015-11-17 09:30:00,0,1100.0,1100.0,1100.0,1100.0
2015-11-16 09:30:00,0,1100.0,1100.0,1100.0,1100.0
2015-11-13 09:30:00,0,1100.0,1100.0,1100.0,1100.0
2015-11-12 09:30:00,0,1100.0,1100.0,1100.0,1100.0
2015-11-11 09:30:00,0,1100.0,1100.0,1100.0,1100.0
2015-11-10 09:30:00,0,1100.0,1100.0,1100.0,1100.0
2015-11-09 09:30:00,0,1100.0,1100.0,1100.0,1100.0
2015-11-06 09:30:00,0,1100.0,1100.0,1100.0,1100.0
2015-11-05 09:30:00,100,1100.0,1100.0,1100.0,1100.0
2015-11-04 09:30:00,0,1050.0,1050.0,1050.0,1050.0
2015-11-03 09:30:00,0,1050.0,1050.0,1050.0,1050.0
2015-11-02 09:30:00,100,1050.0,1050.0,1050.0,1050.0
2015-10-30 09:30:00,0,1050.0,1050.0,1050.0,1050.0
2015-10-29 09:30:00,0,1050.0,1050.0,1050.0,1050.0
2015-10-28 09:30:00,0,1050.0,1050.0,1050.0,1050.0
2015-10-27 09:30:00,0,1050.0,1050.0,1050.0,1050.0
2015-10-26 09:30:00,0,1050.0,1050.0,1050.0,1050.0
2015-10-23 09:30:00,0,1050.0,1050.0,1050.0,1050.0
2015-10-22 09:30:00,0,1050.0,1050.0,1050.0,1050.0
2015-10-21 09:30:00,0,1050.0,1050.0,1050.0,1050.0
2015-10-20 09:30:00,0,1050.0,1050.0,1050.0,1050.0
2015-10-19 09:30:00,0,1050.0,1050.0,1050.0,1050.0
2015-10-16 09:30:00,0,1050.0,1050.0,1050.0,1050.0
2015-10-15 09:30:00,100,1050.0,1050.0,1050.0,1050.0
2015-10-14 09:30:00,0,1000.0,1000.0,1000.0,1000.0
2015-10-13 09:30:00,0,1000.0,1000.0,1000.0,1000.0
2015-10-12 09:30:00,0,1000.0,1000.0,1000.0,1000.0
2015-10-09 09:30:00,0,1000.0,1000.0,1000.0,1000.0
2015-10-08 09:30:00,1000,1000.0,1000.0,1000.0,1000.0
2015-10-07 09:30:00,0,900.0,900.0,900.0,900.0
2015-10-06 09:30:00,0,900.0,900.0,900.0,900.0
2015-10-05 09:30:00,0,900.0,900.0,900.0,900.0
2015-10-02 09:30:00,0,900.0,900.0,900.0,900.0
2015-10-01 09:30:00,0,900.0,900.0,900.0,900.0
2015-09-30 09:30:00,0,900.0,900.0,900.0,900.0
2015-09-29 09:30:00,0,900.0,900.0,900.0,900.0
2015-09-28 09:30:00,0,900.0,900.0,900.0,900.0
2015-09-25 09:30:00,5600,900.0,900.0,900.0,900.0
2015-09-24 09:30:00,0,900.0,900.0,900.0,900.0
2015-09-23 09:30:00,100,900.0,900.0,900.0,900.0
2015-09-22 09:30:00,0,875.0,875.0,875.0,875.0
2015-09-21 09:30:00,0,875.0,875.0,875.0,875.0
2015-09-18 09:30:00,0,875.0,875.0,875.0,875.0
2015-09-17 09:30:00,0,875.0,875.0,875.0,875.0
2015-09-16 09:30:00,0,875.0,875.0,875.0,875.0
2015-09-15 09:30:00,0,875.0,875.0,875.0,875.0
2015-09-14 09:30:00,0,875.0,875.0,875.0,875.0
2015-09-11 09:30:00,0,875.0,875.0,875.0,875.0
2015-09-10 09:30:00,0,875.0,875.0,875.0,875.0
2015-09-09 09:30:00,0,875.0,875.0,875.0,875.0
2015-09-08 09:30:00,0,875.0,875.0,875.0,875.0
2015-09-04 09:30:00,0,875.0,875.0,875.0,875.0
2015-09-03 09:30:00,0,875.0,875.0,875.0,875.0
2015-09-02 09:30:00,0,875.0,875.0,875.0,875.0
2015-09-01 09:30:00,0,875.0,875.0,875.0,875.0
2015-08-31 09:30:00,0,875.0,875.0,875.0,875.0
2015-08-28 09:30:00,200,875.0,875.0,875.0,875.0
2015-08-27 09:30:00,100,850.0,850.0,850.0,850.0
2015-08-26 09:30:00,0,969.400024414,969.400024414,969.400024414,969.400024414
2015-08-25 09:30:00,0,969.400024414,969.400024414,969.400024414,969.400024414
2015-08-24 09:30:00,0,969.400024414,969.400024414,969.400024414,969.400024414
2015-08-21 09:30:00,0,969.400024414,969.400024414,969.400024414,969.400024414
2015-08-20 09:30:00,0,969.400024414,969.400024414,969.400024414,969.400024414
2015-08-19 09:30:00,0,969.400024414,969.400024414,969.400024414,969.400024414
2015-08-18 09:30:00,0,969.400024414,969.400024414,969.400024414,969.400024414
2015-08-17 09:30:00,0,969.400024414,969.400024414,969.400024414,969.400024414
2015-08-14 09:30:00,0,969.400024414,969.400024414,969.400024414,969.400024414
2015-08-13 09:30:00,0,969.400024414,969.400024414,969.400024414,969.400024414
2015-08-12 09:30:00,0,969.400024414,969.400024414,969.400024414,969.400024414
2015-08-11 09:30:00,0,969.400024414,969.400024414,969.400024414,969.400024414
2015-08-10 09:30:00,100,969.400024414,969.400024414,969.400024414,969.400024414
2015-08-07 09:30:00,0,1047.0,1047.0,1047.0,1047.0
2015-08-06 09:30:00,0,1047.0,1047.0,1047.0,1047.0
2015-08-05 09:30:00,0,1047.0,1047.0,1047.0,1047.0
2015-08-04 09:30:00,0,1047.0,1047.0,1047.0,1047.0
2015-08-03 09:30:00,0,1047.0,1047.0,1047.0,1047.0
2015-07-31 09:30:00,0,1047.0,1047.0,1047.0,1047.0
2015-07-30 09:30:00,0,1047.0,1047.0,1047.0,1047.0
2015-07-29 09:30:00,0,1047.0,1047.0,1047.0,1047.0
2015-07-28 09:30:00,100,1047.0,1047.0,1047.0,1047.0
2015-07-27 09:30:00,0,1110.0,1110.0,1110.0,1110.0
2015-07-24 09:30:00,0,1110.0,1110.0,1110.0,1110.0
2015-07-23 09:30:00,0,1110.0,1110.0,1110.0,1110.0
2015-07-22 09:30:00,0,1110.0,1110.0,1110.0,1110.0
2015-07-21 09:30:00,0,1110.0,1110.0,1110.0,1110.0
2015-07-20 09:30:00,0,1110.0,1110.0,1110.0,1110.0
2015-07-17 09:30:00,0,1110.0,1110.0,1110.0,1110.0
2015-07-16 09:30:00,0,1110.0,1110.0,1110.0,1110.0
2015-07-15 09:30:00,0,1110.0,1110.0,1110.0,1110.0
2015-07-14 09:30:00,0,1110.0,1110.0,1110.0,1110.0
2015-07-13 09:30:00,0,1110.0,1110.0,1110.0,1110.0
2015-07-10 09:30:00,0,1110.0,1110.0,1110.0,1110.0
2015-07-09 09:30:00,0,1110.0,1110.0,1110.0,1110.0
2015-07-08 09:30:00,0,1110.0,1110.0,1110.0,1110.0
2015-07-07 09:30:00,0,1110.0,1110.0,1110.0,1110.0
2015-07-06 09:30:00,0,1110.0,1110.0,1110.0,1110.0
2015-07-02 09:30:00,0,1110.0,1110.0,1110.0,1110.0
2015-07-01 09:30:00,0,1110.0,1110.0,1110.0,1110.0
2015-06-30 09:30:00,0,1110.0,1110.0,1110.0,1110.0
2015-06-29 09:30:00,100,1110.0,1110.0,1110.0,1110.0
2015-06-26 09:30:00,0,1200.0,1200.0,1200.0,1200.0
2015-06-25 09:30:00,0,1200.0,1200.0,1200.0,1200.0
2015-06-24 09:30:00,0,1200.0,1200.0,1200.0,1200.0
2015-06-23 09:30:00,0,1200.0,1200.0,1200.0,1200.0
2015-06-22 09:30:00,0,1200.0,1200.0,1200.0,1200.0
2015-06-19 09:30:00,0,1200.0,1200.0,1200.0,1200.0
2015-06-18 09:30:00,0,1200.0,1200.0,1200.0,1200.0
2015-06-17 09:30:00,0,1200.0,1200.0,1200.0,1200.0
2015-06-16 09:30:00,0,1200.0,1200.0,1200.0,1200.0
2015-06-15 09:30:00,0,1200.0,1200.0,1200.0,1200.0
2015-06-12 09:30:00,100,1200.0,1200.0,1200.0,1200.0
2015-06-11 09:30:00,0,1150.0,1150.0,1150.0,1150.0
2015-06-10 09:30:00,0,1150.0,1150.0,1150.0,1150.0
2015-06-09 09:30:00,0,1150.0,1150.0,1150.0,1150.0
2015-06-08 09:30:00,0,1150.0,1150.0,1150.0,1150.0
2015-06-05 09:30:00,0,1150.0,1150.0,1150.0,1150.0
2015-06-04 09:30:00,0,1150.0,1150.0,1150.0,1150.0
2015-06-03 09:30:00,0,1150.0,1150.0,1150.0,1150.0
2015-06-02 09:30:00,0,1150.0,1150.0,1150.0,1150.0
2015-06-01 09:30:00,0,1150.0,1150.0,1150.0,1150.0
2015-05-29 09:30:00,0,1150.0,1150.0,1150.0,1150.0
2015-05-28 09:30:00,0,1150.0,1150.0,1150.0,1150.0
2015-05-27 09:30:00,100,1150.0,1150.0,1150.0,1150.0
2015-05-26 09:30:00,0,1239.14001465,1239.14001465,1239.14001465,1239.14001465
2015-05-22 09:30:00,0,1239.14001465,1239.14001465,1239.14001465,1239.14001465
2015-05-21 09:30:00,1700,1239.14001465,1239.14001465,1239.14001465,1239.14001465
2015-05-20 09:30:00,0,1286.84997559,1286.84997559,1286.84997559,1286.84997559
2015-05-19 09:30:00,0,1286.84997559,1286.84997559,1286.84997559,1286.84997559
2015-05-18 09:30:00,0,1286.84997559,1286.84997559,1286.84997559,1286.84997559
2015-05-15 09:30:00,0,1286.84997559,1286.84997559,1286.84997559,1286.84997559
2015-05-14 09:30:00,0,1286.84997559,1286.84997559,1286.84997559,1286.84997559
2015-05-13 09:30:00,0,1286.84997559,1286.84997559,1286.84997559,1286.84997559
2015-05-12 09:30:00,0,1286.84997559,1286.84997559,1286.84997559,1286.84997559
2015-05-11 09:30:00,0,1286.84997559,1286.84997559,1286.84997559,1286.84997559
2015-05-08 09:30:00,0,1286.84997559,1286.84997559,1286.84997559,1286.84997559
2015-05-07 09:30:00,0,1286.84997559,1286.84997559,1286.84997559,1286.84997559
2015-05-06 09:30:00,0,1286.84997559,1286.84997559,1286.84997559,1286.84997559
2015-05-05 09:30:00,0,1286.84997559,1286.84997559,1286.84997559,1286.84997559
2015-05-04 09:30:00,0,1286.84997559,1286.84997559,1286.84997559,1286.84997559
2015-05-01 09:30:00,0,1286.84997559,1286.84997559,1286.84997559,1286.84997559
2015-04-30 09:30:00,0,1286.84997559,1286.84997559,1286.84997559,1286.84997559
2015-04-29 09:30:00,0,1286.84997559,1286.84997559,1286.84997559,1286.84997559
2015-04-28 09:30:00,0,1286.84997559,1286.84997559,1286.84997559,1286.84997559
2015-04-27 09:30:00,200,1286.84997559,1286.84997559,1286.84997559,1286.84997559
2015-04-24 09:30:00,0,1275.0,1275.0,1275.0,1275.0
2015-04-23 09:30:00,0,1275.0,1275.0,1275.0,1275.0
2015-04-22 09:30:00,100,1275.0,1275.0,1275.0,1275.0
2015-04-21 09:30:00,0,1275.0,1275.0,1275.0,1275.0
2015-04-20 09:30:00,0,1275.0,1275.0,1275.0,1275.0
2015-04-17 09:30:00,0,1275.0,1275.0,1275.0,1275.0
2015-04-16 09:30:00,0,1275.0,1275.0,1275.0,1275.0
2015-04-15 09:30:00,0,1275.0,1275.0,1275.0,1275.0
2015-04-14 09:30:00,0,1275.0,1275.0,1275.0,1275.0
2015-04-13 09:30:00,0,1275.0,1275.0,1275.0,1275.0
2015-04-10 09:30:00,0,1275.0,1275.0,1275.0,1275.0
2015-04-09 09:30:00,0,1275.0,1275.0,1275.0,1275.0
2015-04-08 09:30:00,0,1275.0,1275.0,1275.0,1275.0
2015-04-07 09:30:00,0,1275.0,1275.0,1275.0,1275.0
2015-04-06 09:30:00,100,1275.0,1275.0,1275.0,1275.0
2015-04-02 09:30:00,0,1200.0,1200.0,1200.0,1200.0
2015-04-01 09:30:00,0,1200.0,1200.0,1200.0,1200.0
2015-03-31 09:30:00,0,1200.0,1200.0,1200.0,1200.0
2015-03-30 09:30:00,0,1200.0,1200.0,1200.0,1200.0
2015-03-27 09:30:00,0,1200.0,1200.0,1200.0,1200.0
2015-03-26 09:30:00,0,1200.0,1200.0,1200.0,1200.0
2015-03-25 09:30:00,0,1200.0,1200.0,1200.0,1200.0
2015-03-24 09:30:00,0,1200.0,1200.0,1200.0,1200.0
2015-03-23 09:30:00,0,1200.0,1200.0,1200.0,1200.0
2015-03-20 09:30:00,0,1200.0,1200.0,1200.0,1200.0
2015-03-19 09:30:00,0,1200.0,1200.0,1200.0,1200.0
2015-03-18 09:30:00,0,1200.0,1200.0,1200.0,1200.0
2015-03-17 09:30:00,0,1200.0,1200.0,1200.0,1200.0
2015-03-16 09:30:00,0,1200.0,1200.0,1200.0,1200.0
2015-03-13 09:30:00,0,1200.0,1200.0,1200.0,1200.0
2015-03-12 09:30:00,0,1200.0,1200.0,1200.0,1200.0
2015-03-11 09:30:00,0,1200.0,1200.0,1200.0,1200.0
2015-03-10 09:30:00,0,1200.0,1200.0,1200.0,1200.0
2015-03-09 09:30:00,0,1200.0,1200.0,1200.0,1200.0
2015-03-06 09:30:00,0,1200.0,1200.0,1200.0,1200.0
2015-03-05 09:30:00,0,1200.0,1200.0,1200.0,1200.0
2015-03-04 09:30:00,0,1200.0,1200.0,1200.0,1200.0
2015-03-03 09:30:00,0,1200.0,1200.0,1200.0,1200.0
2015-03-02 09:30:00,0,1200.0,1200.0,1200.0,1200.0
2015-02-27 09:30:00,0,1200.0,1200.0,1200.0,1200.0
2015-02-26 09:30:00,0,1200.0,1200.0,1200.0,1200.0
2015-02-25 09:30:00,0,1200.0,1200.0,1200.0,1200.0
2015-02-24 09:30:00,0,1200.0,1200.0,1200.0,1200.0
2015-02-23 09:30:00,0,1200.0,1200.0,1200.0,1200.0
2015-02-20 09:30:00,100,1200.0,1200.0,1200.0,1200.0
2015-02-19 09:30:00,0,1200.0,1200.0,1200.0,1200.0
2015-02-18 09:30:00,0,1200.0,1200.0,1200.0,1200.0
2015-02-17 09:30:00,0,1200.0,1200.0,1200.0,1200.0
2015-02-13 09:30:00,0,1200.0,1200.0,1200.0,1200.0
2015-02-12 09:30:00,0,1200.0,1200.0,1200.0,1200.0
2015-02-11 09:30:00,0,1200.0,1200.0,1200.0,1200.0
2015-02-10 09:30:00,0,1200.0,1200.0,1200.0,1200.0
2015-02-09 09:30:00,0,1200.0,1200.0,1200.0,1200.0
2015-02-06 09:30:00,100,1200.0,1200.0,1200.0,1200.0
2015-02-05 09:30:00,0,1250.0,1250.0,1250.0,1250.0
2015-02-04 09:30:00,0,1250.0,1250.0,1250.0,1250.0
2015-02-03 09:30:00,0,1250.0,1250.0,1250.0,1250.0
2015-02-02 09:30:00,0,1250.0,1250.0,1250.0,1250.0
2015-01-30 09:30:00,0,1250.0,1250.0,1250.0,1250.0
2015-01-29 09:30:00,0,1250.0,1250.0,1250.0,1250.0
2015-01-28 09:30:00,0,1250.0,1250.0,1250.0,1250.0
2015-01-27 09:30:00,0,1250.0,1250.0,1250.0,1250.0
2015-01-26 09:30:00,0,1250.0,1250.0,1250.0,1250.0
2015-01-23 09:30:00,0,1250.0,1250.0,1250.0,1250.0
2015-01-22 09:30:00,0,1250.0,1250.0,1250.0,1250.0
2015-01-21 09:30:00,0,1250.0,1250.0,1250.0,1250.0
2015-01-20 09:30:00,0,1250.0,1250.0,1250.0,1250.0
2015-01-16 09:30:00,0,1250.0,1250.0,1250.0,1250.0
2015-01-15 09:30:00,0,1250.0,1250.0,1250.0,1250.0
2015-01-14 09:30:00,0,1250.0,1250.0,1250.0,1250.0
2015-01-13 09:30:00,0,1250.0,1250.0,1250.0,1250.0
2015-01-12 09:30:00,0,1250.0,1250.0,1250.0,1250.0
2015-01-09 09:30:00,0,1250.0,1250.0,1250.0,1250.0
2015-01-08 09:30:00,0,1250.0,1250.0,1250.0,1250.0
2015-01-07 09:30:00,0,1250.0,1250.0,1250.0,1250.0
2015-01-06 09:30:00,0,1250.0,1250.0,1250.0,1250.0
2015-01-05 09:30:00,100,1250.0,1250.0,1250.0,1250.0
2015-01-02 09:30:00,0,1100.0,1100.0,1100.0,1100.0
2014-12-31 09:30:00,0,1100.0,1100.0,1100.0,1100.0
2014-12-30 09:30:00,0,1100.0,1100.0,1100.0,1100.0
2014-12-29 09:30:00,0,1100.0,1100.0,1100.0,1100.0
2014-12-26 09:30:00,0,1100.0,1100.0,1100.0,1100.0
2014-12-24 09:30:00,0,1100.0,1100.0,1100.0,1100.0
2014-12-23 09:30:00,0,1100.0,1100.0,1100.0,1100.0
2014-12-22 09:30:00,0,1100.0,1100.0,1100.0,1100.0
2014-12-19 09:30:00,0,1100.0,1100.0,1100.0,1100.0
2014-12-18 09:30:00,0,1100.0,1100.0,1100.0,1100.0
2014-12-17 09:30:00,0,1100.0,1100.0,1100.0,1100.0
2014-12-16 09:30:00,0,1100.0,1100.0,1100.0,1100.0
2014-12-15 09:30:00,0,1100.0,1100.0,1100.0,1100.0
2014-12-12 09:30:00,0,1100.0,1100.0,1100.0,1100.0
2014-12-11 09:30:00,0,1100.0,1100.0,1100.0,1100.0
2014-12-10 09:30:00,0,1100.0,1100.0,1100.0,1100.0
2014-12-09 09:30:00,0,1100.0,1100.0,1100.0,1100.0
2014-12-08 09:30:00,0,1100.0,1100.0,1100.0,1100.0
2014-12-05 09:30:00,0,1100.0,1100.0,1100.0,1100.0
2014-12-04 09:30:00,0,1100.0,1100.0,1100.0,1100.0
2014-12-03 09:30:00,0,1100.0,1100.0,1100.0,1100.0
2014-12-02 09:30:00,100,1100.0,1100.0,1100.0,1100.0
2014-12-01 09:30:00,0,1080.0,1080.0,1080.0,1080.0
2014-11-28 09:30:00,0,1080.0,1080.0,1080.0,1080.0
2014-11-26 09:30:00,0,1080.0,1080.0,1080.0,1080.0
2014-11-25 09:30:00,0,1080.0,1080.0,1080.0,1080.0
2014-11-24 09:30:00,0,1080.0,1080.0,1080.0,1080.0
2014-11-21 09:30:00,0,1101.0,1101.0,1101.0,1101.0
2014-11-20 09:30:00,0,1101.0,1101.0,1101.0,1101.0
2014-11-19 09:30:00,0,1101.0,1101.0,1101.0,1101.0
2014-11-18 09:30:00,100,1101.0,1101.0,1101.0,1101.0
2014-11-17 09:30:00,0,1050.0,1050.0,1050.0,1050.0
2014-11-14 09:30:00,0,1100.23999023,1100.23999023,1100.23999023,1100.23999023
2014-11-13 09:30:00,100,1100.23999023,1100.23999023,1100.23999023,1100.23999023
2014-11-12 09:30:00,0,1100.0,1100.0,1100.0,1100.0
2014-11-11 09:30:00,0,1100.0,1100.0,1100.0,1100.0
2014-11-10 09:30:00,0,1225.0,1225.0,1225.0,1225.0
2014-11-07 09:30:00,0,1125.77001953,1125.77001953,1125.77001953,1125.77001953
2014-11-06 09:30:00,0,1125.77001953,1125.77001953,1125.77001953,1125.77001953
2014-11-05 09:30:00,0,1125.77001953,1125.77001953,1125.77001953,1125.77001953
2014-11-04 09:30:00,0,1125.77001953,1125.77001953,1125.77001953,1125.77001953
2014-11-03 09:30:00,0,1125.77001953,1125.77001953,1125.77001953,1125.77001953
2014-10-31 09:30:00,200,1125.77001953,1125.77001953,1125.77001953,1125.77001953
2014-10-30 09:30:00,100,1050.0,1050.0,1050.0,1050.0
2014-10-29 09:30:00,0,1010.0,1010.0,1010.0,1010.0
2014-10-28 09:30:00,0,1010.0,1010.0,1010.0,1010.0
2014-10-27 09:30:00,100,1010.0,1010.0,1000.0,1000.0
2014-10-24 09:30:00,0,1056.0300293,1056.0300293,1056.0300293,1056.0300293
2014-10-23 09:30:00,600,1056.0300293,1056.0300293,1056.0300293,1056.0300293
2014-10-22 09:30:00,0,1130.0,1130.0,1130.0,1130.0
2014-10-21 09:30:00,0,1130.0,1130.0,1130.0,1130.0
2014-10-20 09:30:00,0,1130.0,1130.0,1130.0,1130.0
2014-10-17 09:30:00,0,1130.0,1130.0,1130.0,1130.0
2014-10-16 09:30:00,0,1130.0,1130.0,1130.0,1130.0
2014-10-15 09:30:00,600,1130.0,1130.0,1059.2199707,1059.2199707
2014-10-14 09:30:00,0,1100.0,1100.0,1100.0,1100.0
2014-10-13 09:30:00,200,1100.0,1100.0,1100.0,1100.0
2014-10-10 09:30:00,0,1108.79003906,1108.79003906,1108.79003906,1108.79003906
2014-10-09 09:30:00,0,1108.79003906,1108.79003906,1108.79003906,1108.79003906
2014-10-08 09:30:00,0,1108.79003906,1108.79003906,1108.79003906,1108.79003906
2014-10-07 09:30:00,0,1108.79003906,1108.79003906,1108.79003906,1108.79003906
2014-10-06 09:30:00,0,1108.79003906,1108.79003906,1108.79003906,1108.79003906
2014-10-03 09:30:00,0,1108.79003906,1108.79003906,1108.79003906,1108.79003906
2014-10-02 09:30:00,0,1108.79003906,1108.79003906,1108.79003906,1108.79003906
2014-10-01 09:30:00,0,1108.79003906,1108.79003906,1108.79003906,1108.79003906
2014-09-30 09:30:00,0,1108.79003906,1108.79003906,1108.79003906,1108.79003906
2014-09-29 09:30:00,0,1108.79003906,1108.79003906,1108.79003906,1108.79003906
2014-09-26 09:30:00,0,1108.79003906,1108.79003906,1108.79003906,1108.79003906
2014-09-25 09:30:00,200,1108.79003906,1108.79003906,1108.79003906,1108.79003906
2014-09-24 09:30:00,0,1210.0,1210.0,1210.0,1210.0
2014-09-23 09:30:00,0,1210.0,1210.0,1210.0,1210.0
2014-09-22 09:30:00,0,1210.0,1210.0,1210.0,1210.0
2014-09-19 09:30:00,100,1210.0,1210.0,1210.0,1210.0
2014-09-18 09:30:00,0,1175.0,1175.0,1175.0,1175.0
2014-09-17 09:30:00,0,1175.0,1175.0,1175.0,1175.0
2014-09-16 09:30:00,0,1175.0,1175.0,1175.0,1175.0
2014-09-15 09:30:00,0,1175.0,1175.0,1175.0,1175.0
2014-09-12 09:30:00,0,1175.0,1175.0,1175.0,1175.0
2014-09-11 09:30:00,0,1175.0,1175.0,1175.0,1175.0
2014-09-10 09:30:00,0,1175.0,1175.0,1175.0,1175.0
2014-09-09 09:30:00,0,1175.0,1175.0,1175.0,1175.0
2014-09-08 09:30:00,0,1150.0,1150.0,1150.0,1150.0
2014-09-05 09:30:00,0,1150.0,1150.0,1150.0,1150.0
2014-09-04 09:30:00,0,1150.0,1150.0,1150.0,1150.0
2014-09-03 09:30:00,0,1180.0,1180.0,1180.0,1180.0
2014-09-02 09:30:00,0,1180.0,1180.0,1180.0,1180.0
2014-08-29 09:30:00,0,1180.0,1180.0,1180.0,1180.0
2014-08-28 09:30:00,0,1200.0,1200.0,1200.0,1200.0
2014-08-27 09:30:00,0,1200.0,1200.0,1200.0,1200.0
2014-08-26 09:30:00,0,1200.0,1200.0,1200.0,1200.0
2014-08-25 09:30:00,0,1200.0,1200.0,1200.0,1200.0
2014-08-22 09:30:00,0,1200.0,1200.0,1200.0,1200.0
2014-08-21 09:30:00,0,1250.0,1250.0,1250.0,1250.0
2014-08-20 09:30:00,0,1250.0,1250.0,1250.0,1250.0
2014-08-19 09:30:00,100,1250.0,1250.0,1250.0,1250.0
2014-08-18 09:30:00,300,1250.0,1250.0,1250.0,1250.0
2014-08-15 09:30:00,0,1200.0,1200.0,1200.0,1200.0
2014-08-14 09:30:00,0,1275.0,1275.0,1275.0,1275.0
2014-08-13 09:30:00,0,1275.0,1275.0,1275.0,1275.0
2014-08-12 09:30:00,800,1275.0,1275.0,1246.16003418,1246.16003418
2014-08-11 09:30:00,0,1235.0,1235.0,1235.0,1235.0
2014-08-08 09:30:00,0,1235.0,1235.0,1235.0,1235.0
2014-08-07 09:30:00,0,1238.0,1238.0,1238.0,1238.0
2014-08-06 09:30:00,0,1400.0,1400.0,1400.0,1400.0
2014-08-05 09:30:00,0,1400.0,1400.0,1400.0,1400.0
2014-08-04 09:30:00,0,1400.0,1400.0,1400.0,1400.0
2014-08-01 09:30:00,0,1400.0,1400.0,1400.0,1400.0
2014-07-31 09:30:00,0,1400.0,1400.0,1400.0,1400.0
2014-07-30 09:30:00,0,1400.0,1400.0,1400.0,1400.0
2014-07-29 09:30:00,0,1400.0,1400.0,1400.0,1400.0
2014-07-28 09:30:00,0,1350.0,1350.0,1350.0,1350.0
2014-07-25 09:30:00,0,1320.0,1320.0,1320.0,1320.0
2014-07-24 09:30:00,0,1320.0,1320.0,1320.0,1320.0
2014-07-23 09:30:00,100,1320.0,1320.0,1320.0,1320.0
2014-07-22 09:30:00,0,1400.0,1400.0,1400.0,1400.0
2014-07-21 09:30:00,0,1400.0,1400.0,1400.0,1400.0
2014-07-18 09:30:00,0,1400.0,1400.0,1400.0,1400.0
2014-07-17 09:30:00,0,1400.0,1400.0,1400.0,1400.0
2014-07-16 09:30:00,0,1400.0,1400.0,1400.0,1400.0
2014-07-15 09:30:00,0,1400.0,1400.0,1400.0,1400.0
2014-07-14 09:30:00,0,1400.0,1400.0,1400.0,1400.0
2014-07-11 09:30:00,0,1400.0,1400.0,1400.0,1400.0
2014-07-10 09:30:00,0,1400.0,1400.0,1400.0,1400.0
2014-07-09 09:30:00,0,1400.0,1400.0,1400.0,1400.0
2014-07-08 09:30:00,0,1400.0,1400.0,1400.0,1400.0
2014-07-07 09:30:00,0,1400.0,1400.0,1400.0,1400.0
2014-07-03 09:30:00,0,1400.0,1400.0,1400.0,1400.0
2014-07-02 09:30:00,0,1400.0,1400.0,1400.0,1400.0
2014-07-01 09:30:00,0,1400.0,1400.0,1400.0,1400.0
2014-06-30 09:30:00,0,1400.0,1400.0,1400.0,1400.0
2014-06-27 09:30:00,0,1400.0,1400.0,1400.0,1400.0
2014-06-26 09:30:00,0,1400.0,1400.0,1400.0,1400.0
2014-06-25 09:30:00,0,1400.0,1400.0,1400.0,1400.0
2014-06-24 09:30:00,0,1400.0,1400.0,1400.0,1400.0
2014-06-23 09:30:00,0,1400.0,1400.0,1400.0,1400.0
2014-06-20 09:30:00,0,1400.0,1400.0,1400.0,1400.0
2014-06-19 09:30:00,0,1400.0,1400.0,1400.0,1400.0
2014-06-18 09:30:00,0,1400.0,1400.0,1400.0,1400.0
2014-06-17 09:30:00,0,1400.0,1400.0,1400.0,1400.0
2014-06-16 09:30:00,0,1400.0,1400.0,1400.0,1400.0
2014-06-13 09:30:00,0,1400.0,1400.0,1400.0,1400.0
2014-06-12 09:30:00,0,1400.0,1400.0,1400.0,1400.0
2014-06-11 09:30:00,0,1400.0,1400.0,1400.0,1400.0
2014-06-10 09:30:00,0,1400.0,1400.0,1400.0,1400.0
2014-06-09 09:30:00,0,1400.0,1400.0,1400.0,1400.0
2014-06-06 09:30:00,0,1400.0,1400.0,1400.0,1400.0
2014-06-05 09:30:00,0,1400.0,1400.0,1400.0,1400.0
2014-06-04 09:30:00,0,1400.0,1400.0,1400.0,1400.0
2014-06-03 09:30:00,100,1400.0,1400.0,1400.0,1400.0
2014-06-02 09:30:00,0,1500.0,1500.0,1500.0,1500.0
2014-05-30 09:30:00,100,1500.0,1500.0,1500.0,1500.0
2014-05-29 09:30:00,0,1300.0,1300.0,1300.0,1300.0
2014-05-28 09:30:00,0,1300.0,1300.0,1300.0,1300.0
2014-05-27 09:30:00,0,1300.0,1300.0,1300.0,1300.0
2014-05-23 09:30:00,0,1300.0,1300.0,1300.0,1300.0
2014-05-22 09:30:00,0,1300.0,1300.0,1300.0,1300.0
2014-05-21 09:30:00,0,1300.0,1300.0,1300.0,1300.0
2014-05-20 09:30:00,0,1300.0,1300.0,1300.0,1300.0
2014-05-19 09:30:00,0,1300.0,1300.0,1300.0,1300.0
2014-05-16 09:30:00,0,1300.0,1300.0,1300.0,1300.0
2014-05-15 09:30:00,0,1300.0,1300.0,1300.0,1300.0
2014-05-14 09:30:00,0,1300.0,1300.0,1300.0,1300.0
2014-05-13 09:30:00,0,1300.0,1300.0,1300.0,1300.0
2014-05-12 09:30:00,0,1300.0,1300.0,1300.0,1300.0
2014-05-09 09:30:00,0,1350.0,1350.0,1350.0,1350.0
2014-05-08 09:30:00,0,1350.0,1350.0,1350.0,1350.0
2014-05-07 09:30:00,0,1300.0,1300.0,1300.0,1300.0
2014-05-06 09:30:00,0,1300.0,1300.0,1300.0,1300.0
2014-05-05 09:30:00,0,1300.0,1300.0,1300.0,1300.0
2014-05-02 09:30:00,0,1300.0,1300.0,1300.0,1300.0
2014-05-01 09:30:00,0,1300.0,1300.0,1300.0,1300.0
2014-04-30 09:30:00,0,1300.0,1300.0,1300.0,1300.0
2014-04-29 09:30:00,0,1300.0,1300.0,1300.0,1300.0
2014-04-28 09:30:00,0,1300.0,1300.0,1300.0,1300.0
2014-04-25 09:30:00,0,1300.0,1300.0,1300.0,1300.0
2014-04-24 09:30:00,0,1300.0,1300.0,1300.0,1300.0
2014-04-23 09:30:00,0,1300.0,1300.0,1300.0,1300.0
2014-04-22 09:30:00,0,1300.0,1300.0,1300.0,1300.0
2014-04-21 09:30:00,0,1300.0,1300.0,1300.0,1300.0
2014-04-17 09:30:00,0,1300.0,1300.0,1300.0,1300.0
2014-04-16 09:30:00,0,1300.0,1300.0,1300.0,1300.0
2014-04-15 09:30:00,0,1300.0,1300.0,1300.0,1300.0
2014-04-14 09:30:00,0,1300.0,1300.0,1300.0,1300.0
2014-04-11 09:30:00,0,1300.0,1300.0,1300.0,1300.0
2014-04-10 09:30:00,0,1300.0,1300.0,1300.0,1300.0
2014-04-09 09:30:00,0,1300.0,1300.0,1300.0,1300.0
2014-04-08 09:30:00,0,1300.0,1300.0,1300.0,1300.0
2014-04-07 09:30:00,0,1300.0,1300.0,1300.0,1300.0
2014-04-04 09:30:00,0,1300.0,1300.0,1300.0,1300.0
2014-04-03 09:30:00,0,1300.0,1300.0,1300.0,1300.0
2014-04-02 09:30:00,0,1300.0,1300.0,1300.0,1300.0
2014-04-01 09:30:00,0,1220.0,1220.0,1220.0,1220.0
2014-03-31 09:30:00,0,1220.0,1220.0,1220.0,1220.0
2014-03-28 09:30:00,0,1220.0,1220.0,1220.0,1220.0
2014-03-27 09:30:00,0,1220.0,1220.0,1220.0,1220.0
2014-03-26 09:30:00,0,1220.0,1220.0,1220.0,1220.0
2014-03-25 09:30:00,0,1220.0,1220.0,1220.0,1220.0
2014-03-24 09:30:00,0,1220.0,1220.0,1220.0,1220.0
2014-03-21 09:30:00,200,1220.0,1220.0,1220.0,1220.0
2014-03-20 09:30:00,0,1100.0,1100.0,1100.0,1100.0
2014-03-19 09:30:00,0,1180.0,1180.0,1180.0,1180.0
2014-03-18 09:30:00,0,1180.0,1180.0,1180.0,1180.0
2014-03-17 09:30:00,0,1180.0,1180.0,1180.0,1180.0
2014-03-14 09:30:00,0,1180.0,1180.0,1180.0,1180.0
2014-03-13 09:30:00,0,1180.0,1180.0,1180.0,1180.0
2014-03-12 09:30:00,0,1250.0,1250.0,1250.0,1250.0
2014-03-11 09:30:00,0,1275.0,1275.0,1275.0,1275.0
2014-03-10 09:30:00,0,1275.0,1275.0,1275.0,1275.0
2014-03-07 09:30:00,0,1275.0,1275.0,1275.0,1275.0
2014-03-06 09:30:00,400,1275.0,1275.0,1275.0,1275.0
2014-03-05 09:30:00,0,1275.0,1275.0,1275.0,1275.0
2014-03-04 09:30:00,0,1275.0,1275.0,1275.0,1275.0
2014-03-03 09:30:00,0,1275.0,1275.0,1275.0,1275.0
2014-02-28 09:30:00,0,1275.0,1275.0,1275.0,1275.0
2014-02-27 09:30:00,0,1275.0,1275.0,1275.0,1275.0
2014-02-26 09:30:00,0,1275.0,1275.0,1275.0,1275.0
2014-02-25 09:30:00,0,1275.0,1275.0,1275.0,1275.0
2014-02-24 09:30:00,0,1250.0,1250.0,1250.0,1250.0
2014-02-21 09:30:00,0,1250.0,1250.0,1250.0,1250.0
2014-02-20 09:30:00,0,1250.0,1250.0,1250.0,1250.0
2014-02-19 09:30:00,0,1250.0,1250.0,1250.0,1250.0
2014-02-18 09:30:00,0,1250.0,1250.0,1250.0,1250.0
2014-02-14 09:30:00,0,1250.0,1250.0,1250.0,1250.0
2014-02-13 09:30:00,0,1250.0,1250.0,1250.0,1250.0
2014-02-12 09:30:00,0,1250.0,1250.0,1250.0,1250.0
2014-02-11 09:30:00,0,1250.0,1250.0,1250.0,1250.0
2014-02-10 09:30:00,0,1250.0,1250.0,1250.0,1250.0
2014-02-07 09:30:00,0,1250.0,1250.0,1250.0,1250.0
2014-02-06 09:30:00,0,1250.0,1250.0,1250.0,1250.0
2014-02-05 09:30:00,0,1275.0,1275.0,1275.0,1275.0
2014-02-04 09:30:00,0,1275.0,1275.0,1275.0,1275.0
2014-02-03 09:30:00,0,1275.0,1275.0,1275.0,1275.0
2014-01-31 09:30:00,0,1275.0,1275.0,1275.0,1275.0
2014-01-30 09:30:00,0,1275.0,1275.0,1275.0,1275.0
2014-01-29 09:30:00,0,1275.0,1275.0,1275.0,1275.0
2014-01-28 09:30:00,0,1275.0,1275.0,1275.0,1275.0
2014-01-27 09:30:00,0,1275.0,1275.0,1275.0,1275.0
2014-01-24 09:30:00,0,1275.0,1275.0,1275.0,1275.0
2014-01-23 09:30:00,0,1275.0,1275.0,1275.0,1275.0
2014-01-22 09:30:00,0,1275.0,1275.0,1275.0,1275.0
2014-01-21 09:30:00,0,1275.0,1275.0,1275.0,1275.0
2014-01-17 09:30:00,0,1300.0,1300.0,1300.0,1300.0
2014-01-16 09:30:00,0,1300.0,1300.0,1300.0,1300.0
2014-01-15 09:30:00,0,1300.0,1300.0,1300.0,1300.0
2014-01-14 09:30:00,0,1300.0,1300.0,1300.0,1300.0
2014-01-13 09:30:00,0,1300.0,1300.0,1300.0,1300.0
2014-01-10 09:30:00,0,1300.0,1300.0,1300.0,1300.0
2014-01-09 09:30:00,0,1300.0,1300.0,1300.0,1300.0
2014-01-08 09:30:00,0,1300.0,1300.0,1300.0,1300.0
2014-01-07 09:30:00,0,1300.0,1300.0,1300.0,1300.0
2014-01-06 09:30:00,0,1300.0,1300.0,1300.0,1300.0
2014-01-03 09:30:00,0,1300.0,1300.0,1300.0,1300.0
2014-01-02 09:30:00,100,1300.0,1300.0,1300.0,1300.0
2013-12-31 09:30:00,0,1375.0,1375.0,1375.0,1375.0
2013-12-30 09:30:00,0,1375.0,1375.0,1375.0,1375.0
2013-12-27 09:30:00,0,1375.0,1375.0,1375.0,1375.0
2013-12-26 09:30:00,0,1375.0,1375.0,1375.0,1375.0
2013-12-24 09:30:00,100,1375.0,1375.0,1375.0,1375.0
2013-12-23 09:30:00,0,1300.0,1300.0,1300.0,1300.0
2013-12-20 09:30:00,0,1300.0,1300.0,1300.0,1300.0
2013-12-19 09:30:00,0,1300.0,1300.0,1300.0,1300.0
2013-12-18 09:30:00,0,1300.0,1300.0,1300.0,1300.0
2013-12-17 09:30:00,0,1300.0,1300.0,1300.0,1300.0
2013-12-16 09:30:00,0,1300.0,1300.0,1300.0,1300.0
2013-12-13 09:30:00,0,1300.0,1300.0,1300.0,1300.0
2013-12-12 09:30:00,0,1300.0,1300.0,1300.0,1300.0
2013-12-11 09:30:00,0,1300.0,1300.0,1300.0,1300.0
2013-12-10 09:30:00,0,1300.0,1300.0,1300.0,1300.0
2013-12-09 09:30:00,0,1300.0,1300.0,1300.0,1300.0
2013-12-06 09:30:00,0,1300.0,1300.0,1300.0,1300.0
2013-12-05 09:30:00,0,1300.0,1300.0,1300.0,1300.0
2013-12-04 09:30:00,0,1300.0,1300.0,1300.0,1300.0
2013-12-03 09:30:00,0,1400.0,1400.0,1400.0,1400.0
2013-12-02 09:30:00,0,1400.0,1400.0,1400.0,1400.0
2013-11-29 09:30:00,0,1400.0,1400.0,1400.0,1400.0
2013-11-27 09:30:00,0,1400.0,1400.0,1400.0,1400.0
2013-11-26 09:30:00,0,1400.0,1400.0,1400.0,1400.0
2013-11-25 09:30:00,0,1400.0,1400.0,1400.0,1400.0
2013-11-22 09:30:00,0,1400.0,1400.0,1400.0,1400.0
2013-11-21 09:30:00,0,1430.0,1430.0,1430.0,1430.0
2013-11-20 09:30:00,0,1430.0,1430.0,1430.0,1430.0
2013-11-19 09:30:00,0,1375.0,1375.0,1375.0,1375.0
2013-11-18 09:30:00,0,1375.0,1375.0,1375.0,1375.0
2013-11-15 09:30:00,0,1375.0,1375.0,1375.0,1375.0
2013-11-14 09:30:00,0,1375.0,1375.0,1375.0,1375.0
2013-11-13 09:30:00,0,1400.0,1400.0,1400.0,1400.0
2013-11-12 09:30:00,0,1400.0,1400.0,1300.0,1300.0
2013-11-11 09:30:00,0,1300.0,1300.0,1300.0,1300.0
2013-11-08 09:30:00,0,1300.0,1300.0,1300.0,1300.0
2013-11-07 09:30:00,200,1300.0,1300.0,1300.0,1300.0
2013-11-06 09:30:00,0,1450.0,1450.0,1450.0,1450.0
2013-11-05 09:30:00,0,1450.0,1450.0,1450.0,1450.0
2013-11-04 09:30:00,0,1450.0,1450.0,1450.0,1450.0
2013-11-01 09:30:00,0,1450.0,1450.0,1450.0,1450.0
2013-10-31 09:30:00,0,1450.0,1450.0,1450.0,1450.0
2013-10-30 09:30:00,0,1450.0,1450.0,1450.0,1450.0
2013-10-29 09:30:00,0,1450.0,1450.0,1450.0,1450.0
2013-10-28 09:30:00,0,1450.0,1450.0,1450.0,1450.0
2013-10-25 09:30:00,0,1450.0,1450.0,1450.0,1450.0
2013-10-24 09:30:00,0,1450.0,1450.0,1450.0,1450.0
2013-10-23 09:30:00,0,1450.0,1450.0,1450.0,1450.0
2013-10-22 09:30:00,0,1450.0,1450.0,1450.0,1450.0
2013-10-21 09:30:00,0,1450.0,1450.0,1450.0,1450.0
2013-10-18 09:30:00,0,1450.0,1450.0,1450.0,1450.0
2013-10-17 09:30:00,0,1400.0,1400.0,1400.0,1400.0
2013-10-16 09:30:00,0,1400.0,1400.0,1400.0,1400.0
2013-10-15 09:30:00,0,1310.0,1310.0,1310.0,1310.0
2013-10-14 09:30:00,0,1310.0,1310.0,1310.0,1310.0
2013-10-11 09:30:00,0,1310.0,1310.0,1310.0,1310.0
2013-10-10 09:30:00,0,1310.0,1310.0,1310.0,1310.0
2013-10-09 09:30:00,0,1310.0,1310.0,1310.0,1310.0
2013-10-08 09:30:00,0,1310.0,1310.0,1310.0,1310.0
2013-10-07 09:30:00,0,1310.0,1310.0,1310.0,1310.0
2013-10-04 09:30:00,0,1310.0,1310.0,1310.0,1310.0
2013-10-03 09:30:00,0,1310.0,1310.0,1310.0,1310.0
2013-10-02 09:30:00,0,1310.0,1310.0,1310.0,1310.0
2013-10-01 09:30:00,0,1310.0,1310.0,1310.0,1310.0
2013-09-30 09:30:00,0,1320.0,1320.0,1320.0,1320.0
2013-09-27 09:30:00,0,1300.0,1300.0,1300.0,1300.0
2013-09-26 09:30:00,0,1300.0,1300.0,1300.0,1300.0
2013-09-25 09:30:00,0,1300.0,1300.0,1300.0,1300.0
2013-09-24 09:30:00,0,1300.0,1300.0,1300.0,1300.0
2013-09-23 09:30:00,100,1300.0,1300.0,1300.0,1300.0
2013-09-20 09:30:00,0,1330.0,1330.0,1330.0,1330.0
2013-09-19 09:30:00,0,1330.0,1330.0,1330.0,1330.0
2013-09-18 09:30:00,0,1350.0,1350.0,1350.0,1350.0
2013-09-17 09:30:00,0,1350.0,1350.0,1350.0,1350.0
2013-09-16 09:30:00,100,1350.0,1350.0,1350.0,1350.0
2013-09-13 09:30:00,0,1325.0,1325.0,1325.0,1325.0
2013-09-12 09:30:00,0,1290.0,1290.0,1290.0,1290.0
2013-09-11 09:30:00,0,1290.0,1290.0,1290.0,1290.0
2013-09-10 09:30:00,0,1290.0,1290.0,1290.0,1290.0
2013-09-09 09:30:00,0,1290.0,1290.0,1290.0,1290.0
2013-09-06 09:30:00,100,1290.0,1290.0,1290.0,1290.0
2013-09-05 09:30:00,300,1267.0,1267.0,1267.0,1267.0
2013-09-04 09:30:00,0,1238.0,1238.0,1238.0,1238.0
2013-09-03 09:30:00,100,1238.0,1238.0,1238.0,1238.0
2013-08-30 09:30:00,100,1250.0,1250.0,1250.0,1250.0
2013-08-29 09:30:00,0,1230.0,1230.0,1230.0,1230.0
2013-08-28 09:30:00,0,1200.0,1200.0,1200.0,1200.0
2013-08-27 09:30:00,100,1115.0,1115.0,1115.0,1115.0
2013-08-26 09:30:00,0,1075.0,1075.0,1075.0,1075.0
2013-08-23 09:30:00,0,1075.0,1075.0,1075.0,1075.0
2013-08-22 09:30:00,0,1075.0,1075.0,1075.0,1075.0
2013-08-21 09:30:00,0,1075.0,1075.0,1075.0,1075.0
2013-08-20 09:30:00,0,1075.0,1075.0,1075.0,1075.0
2013-08-19 09:30:00,0,1075.0,1075.0,1075.0,1075.0
2013-08-16 09:30:00,0,1075.0,1075.0,1075.0,1075.0
2013-08-15 09:30:00,0,1075.0,1075.0,1075.0,1075.0
2013-08-14 09:30:00,0,1075.0,1075.0,1075.0,1075.0
2013-08-13 09:30:00,0,1075.0,1075.0,1075.0,1075.0
2013-08-12 09:30:00,0,1075.0,1075.0,1075.0,1075.0
2013-08-09 09:30:00,0,1075.0,1075.0,1075.0,1075.0
2013-08-08 09:30:00,100,1075.0,1075.0,1075.0,1075.0
2013-08-07 09:30:00,900,1111.09997559,1150.0,1150.0,1111.09997559
2013-08-06 09:30:00,0,1200.0,1200.0,1200.0,1200.0
2013-08-05 09:30:00,0,1200.0,1200.0,1200.0,1200.0
2013-08-02 09:30:00,0,1200.0,1200.0,1200.0,1200.0
2013-08-01 09:30:00,0,1200.0,1200.0,1200.0,1200.0
2013-07-31 09:30:00,0,1200.0,1200.0,1200.0,1200.0
2013-07-30 09:30:00,0,1200.0,1200.0,1200.0,1200.0
2013-07-29 09:30:00,0,1200.0,1200.0,1200.0,1200.0
2013-07-26 09:30:00,0,1200.0,1200.0,1200.0,1200.0
2013-07-25 09:30:00,100,1200.0,1200.0,1151.0,1151.0
2013-07-24 09:30:00,0,1188.0,1188.0,1188.0,1188.0
2013-07-23 09:30:00,0,1188.0,1188.0,1188.0,1188.0
2013-07-22 09:30:00,0,1188.0,1188.0,1188.0,1188.0
2013-07-19 09:30:00,0,1188.0,1188.0,1188.0,1188.0
2013-07-18 09:30:00,0,1188.0,1188.0,1188.0,1188.0
2013-07-17 09:30:00,0,1188.0,1188.0,1188.0,1188.0
2013-07-16 09:30:00,0,1188.0,1188.0,1188.0,1188.0
2013-07-15 09:30:00,200,1188.0,1188.0,1188.0,1188.0
2013-07-12 09:30:00,0,1150.0,1150.0,1150.0,1150.0
2013-07-11 09:30:00,0,1150.0,1150.0,1150.0,1150.0
2013-07-10 09:30:00,200,1150.0,1150.0,1150.0,1150.0
2013-07-09 09:30:00,0,1140.0,1140.0,1140.0,1140.0
2013-07-08 09:30:00,0,1140.0,1140.0,1140.0,1140.0
2013-07-05 09:30:00,0,1140.0,1140.0,1140.0,1140.0
2013-07-03 09:30:00,0,1140.0,1140.0,1140.0,1140.0
2013-07-02 09:30:00,0,1140.0,1140.0,1140.0,1140.0
2013-07-01 09:30:00,0,1140.0,1140.0,1140.0,1140.0
2013-06-28 09:30:00,200,1140.0,1140.0,1140.0,1140.0
2013-06-27 09:30:00,0,1050.0,1050.0,1050.0,1050.0
2013-06-26 09:30:00,700,1050.0,1050.0,1050.0,1050.0
2013-06-25 09:30:00,0,1400.0,1400.0,1400.0,1400.0
2013-06-24 09:30:00,0,1400.0,1400.0,1400.0,1400.0
2013-06-21 09:30:00,0,1400.0,1400.0,1400.0,1400.0
2013-06-20 09:30:00,0,1400.0,1400.0,1400.0,1400.0
2013-06-19 09:30:00,0,1400.0,1400.0,1400.0,1400.0
2013-06-18 09:30:00,0,1400.0,1400.0,1400.0,1400.0
2013-06-17 09:30:00,0,1400.0,1400.0,1400.0,1400.0
2013-06-14 09:30:00,0,1400.0,1400.0,1400.0,1400.0
2013-06-13 09:30:00,0,1400.0,1400.0,1400.0,1400.0
2013-06-12 09:30:00,0,1400.0,1400.0,1400.0,1400.0
2013-06-11 09:30:00,0,1400.0,1400.0,1400.0,1400.0
2013-06-10 09:30:00,0,1400.0,1400.0,1400.0,1400.0
2013-06-07 09:30:00,0,1400.0,1400.0,1400.0,1400.0
2013-06-06 09:30:00,0,1400.0,1400.0,1400.0,1400.0
2013-06-05 09:30:00,200,1400.0,1400.0,1400.0,1400.0
2013-06-04 09:30:00,0,1405.0,1405.0,1405.0,1405.0
2013-06-03 09:30:00,100,1405.0,1405.0,1405.0,1405.0
2013-05-31 09:30:00,0,1300.0,1300.0,1300.0,1300.0
2013-05-30 09:30:00,0,1300.0,1300.0,1300.0,1300.0
2013-05-29 09:30:00,0,1300.0,1300.0,1300.0,1300.0
2013-05-28 09:30:00,0,1300.0,1300.0,1300.0,1300.0
2013-05-24 09:30:00,0,1300.0,1300.0,1300.0,1300.0
2013-05-23 09:30:00,100,1300.0,1300.0,1300.0,1300.0
2013-05-22 09:30:00,0,1335.0,1335.0,1335.0,1335.0
2013-05-21 09:30:00,0,1335.0,1335.0,1335.0,1335.0
2013-05-20 09:30:00,0,1335.0,1335.0,1335.0,1335.0
2013-05-17 09:30:00,0,1335.0,1335.0,1335.0,1335.0
2013-05-16 09:30:00,0,1335.0,1335.0,1335.0,1335.0
2013-05-15 09:30:00,0,1335.0,1335.0,1335.0,1335.0
2013-05-14 09:30:00,0,1335.0,1335.0,1335.0,1335.0
2013-05-13 09:30:00,100,1335.0,1335.0,1335.0,1335.0
2013-05-10 09:30:00,0,1410.0,1410.0,1410.0,1410.0
2013-05-09 09:30:00,0,1410.0,1410.0,1410.0,1410.0
2013-05-08 09:30:00,0,1410.0,1410.0,1410.0,1410.0
2013-05-07 09:30:00,200,1410.0,1425.0,1425.0,1410.0
2013-05-06 09:30:00,0,1350.0,1350.0,1350.0,1350.0
2013-05-03 09:30:00,0,1350.0,1350.0,1350.0,1350.0
2013-05-02 09:30:00,0,1350.0,1350.0,1350.0,1350.0
2013-05-01 09:30:00,0,1350.0,1350.0,1350.0,1350.0
2013-04-30 09:30:00,100,1410.0,1410.0,1410.0,1410.0
2013-04-29 09:30:00,0,1300.0,1300.0,1300.0,1300.0
2013-04-26 09:30:00,0,1300.0,1300.0,1300.0,1300.0
2013-04-25 09:30:00,0,1300.0,1300.0,1300.0,1300.0
2013-04-24 09:30:00,0,1300.0,1300.0,1300.0,1300.0
2013-04-23 09:30:00,0,1300.0,1300.0,1300.0,1300.0
2013-04-22 09:30:00,100,1300.0,1300.0,1300.0,1300.0
2013-04-19 09:30:00,0,1375.0,1375.0,1375.0,1375.0
2013-04-18 09:30:00,0,1375.0,1375.0,1375.0,1375.0
2013-04-17 09:30:00,0,1375.0,1375.0,1375.0,1375.0
2013-04-16 09:30:00,0,1375.0,1375.0,1375.0,1375.0
2013-04-15 09:30:00,0,1375.0,1375.0,1375.0,1375.0
2013-04-12 09:30:00,0,1375.0,1375.0,1375.0,1375.0
2013-04-11 09:30:00,0,1375.0,1375.0,1375.0,1375.0
2013-04-10 09:30:00,100,1375.0,1375.0,1375.0,1375.0
2013-04-09 09:30:00,0,1385.0,1385.0,1385.0,1385.0
2013-04-08 09:30:00,0,1385.0,1385.0,1385.0,1385.0
2013-04-05 09:30:00,100,1385.0,1385.0,1385.0,1385.0
2013-04-04 09:30:00,0,1425.0,1425.0,1425.0,1425.0
2013-04-03 09:30:00,100,1425.0,1425.0,1425.0,1425.0
2013-04-02 09:30:00,0,1415.0,1415.0,1415.0,1415.0
2013-04-01 09:30:00,0,1415.0,1415.0,1415.0,1415.0
2013-03-28 09:30:00,0,1415.0,1415.0,1415.0,1415.0
2013-03-27 09:30:00,0,1415.0,1415.0,1415.0,1415.0
2013-03-26 09:30:00,100,1415.0,1415.0,1415.0,1415.0
2013-03-25 09:30:00,0,1350.0,1350.0,1350.0,1350.0
2013-03-22 09:30:00,0,1350.0,1350.0,1350.0,1350.0
2013-03-21 09:30:00,100,1350.0,1350.0,1350.0,1350.0
2013-03-20 09:30:00,0,1350.0,1350.0,1350.0,1350.0
2013-03-19 09:30:00,0,1350.0,1350.0,1350.0,1350.0
2013-03-18 09:30:00,100,1350.0,1350.0,1350.0,1350.0
2013-03-15 09:30:00,0,1450.0,1450.0,1450.0,1450.0
2013-03-14 09:30:00,0,1450.0,1450.0,1450.0,1450.0
2013-03-13 09:30:00,200,1450.0,1450.0,1450.0,1450.0
2013-03-12 09:30:00,0,1500.0,1500.0,1500.0,1500.0
2013-03-11 09:30:00,0,1500.0,1500.0,1500.0,1500.0
2013-03-08 09:30:00,0,1500.0,1500.0,1500.0,1500.0
2013-03-07 09:30:00,0,1500.0,1500.0,1500.0,1500.0
2013-03-06 09:30:00,0,1500.0,1500.0,1500.0,1500.0
2013-03-05 09:30:00,0,1500.0,1500.0,1500.0,1500.0
