time,high,open,low,close,volume
2018-04-18 18:21:55,526.5800170898438,503.0299987792969,501.70001220703125,526.469970703125,164658160
2018-04-16 19:00:00,522.0700073242188,511.6700134277344,500.4800109863281,503.0299987792969,195195626
2018-04-15 19:00:00,537.47998046875,534.1599731445312,499.1700134277344,511.6700134277344,249996040
2018-04-14 19:00:00,534.3099975585938,502.7900085449219,502.7900085449219,534.1500244140625,243926045
2018-04-13 19:00:00,514.6599731445312,494.9599914550781,487.7200012207031,502.7900085449219,191073028
2018-04-12 19:00:00,528.9500122070312,493.95001220703125,482.1000061035156,494.9599914550781,470945268
2018-04-11 19:00:00,498.0799865722656,430.3900146484375,414.0299987792969,493.95001220703125,450834363
2018-04-10 19:00:00,433.44000244140625,415.6499938964844,410.9700012207031,430.4200134277344,167561896
2018-04-09 19:00:00,418.2699890136719,399.0199890136719,391.8399963378906,415.6499938964844,129335600
2018-04-08 19:00:00,431.2300109863281,400.7200012207031,387.9800109863281,399.0199890136719,271803047
2018-04-07 19:00:00,404.2200012207031,384.9800109863281,384.9800109863281,400.7200012207031,107956653
2018-04-06 19:00:00,397.1000061035156,370.3500061035156,369.6600036621094,384.9800109863281,108165642
2018-04-05 19:00:00,385.7799987792969,381.42999267578125,363.510009765625,370.3500061035156,133748822
2018-04-04 19:00:00,387.55999755859375,378.6499938964844,367.1499938964844,381.3599853515625,160332018
2018-04-03 19:00:00,417.1099853515625,415.92999267578125,370.6600036621094,378.6499938964844,223170178
2018-04-02 19:00:00,426.8399963378906,384.67999267578125,380.7099914550781,415.92999267578125,223508235
2018-04-01 19:00:00,394.1199951171875,378.8500061035156,375.79998779296875,384.67999267578125,156793473
2018-03-31 19:00:00,399.5899963378906,394.07000732421875,359.2200012207031,378.8500061035156,236013242
2018-03-30 19:00:00,421.04998779296875,393.8299865722656,389.989990234375,394.07000732421875,243062846
2018-03-29 19:00:00,411.1700134277344,383.9599914550781,364.989990234375,393.82000732421875,450253373
2018-03-28 19:00:00,448.5,445.92999267578125,380.3500061035156,383.8999938964844,472575968
2018-03-27 19:00:00,465.20001220703125,448.7799987792969,440.3500061035156,445.92999267578125,187271233
2018-03-26 19:00:00,491.9200134277344,486.1400146484375,446.4200134277344,448.7799987792969,328179170
2018-03-25 19:00:00,526.2000122070312,522.969970703125,467.4800109863281,486.25,278656813
2018-03-24 20:00:00,535.77001953125,520.1699829101562,513.6300048828125,523.010009765625,111462284
2018-03-23 20:00:00,546.010009765625,543.8400268554688,519.510009765625,520.1599731445312,129350391
2018-03-22 20:00:00,543.8400268554688,539.8900146484375,506.7900085449219,543.8300170898438,225200086
2018-03-21 20:00:00,578.010009765625,559.9099731445312,516.219970703125,539.8900146484375,233985932
2018-03-20 20:00:00,590.2000122070312,557.5700073242188,545.47998046875,559.9099731445312,277714049
2018-03-19 20:00:00,567.0,555.5499877929688,516.780029296875,557.5700073242188,331343470
2018-03-18 20:00:00,559.0700073242188,537.3800048828125,515.8400268554688,555.5499877929688,418500605
2018-03-17 20:00:00,559.9299926757812,549.7899780273438,454.17999267578125,537.3800048828125,719812876
2018-03-16 20:00:00,609.9400024414062,600.530029296875,543.280029296875,549.7899780273438,208843294
2018-03-15 20:00:00,626.1300048828125,610.6599731445312,585.1599731445312,600.530029296875,221082941
2018-03-14 20:00:00,620.4299926757812,613.1500244140625,572.1099853515625,610.5599975585938,342311699
2018-03-13 20:00:00,703.3800048828125,689.9600219726562,586.7000122070312,613.1500244140625,325415119
2018-03-12 20:00:00,714.1900024414062,697.0,679.1900024414062,689.9600219726562,194913670
2018-03-11 20:00:00,739.8699951171875,720.3699951171875,678.1300048828125,697.02001953125,208107856
2018-03-10 19:00:00,735.010009765625,682.2999877929688,663.5800170898438,720.3599853515625,206098889
2018-03-09 19:00:00,747.8200073242188,726.760009765625,678.6500244140625,682.2999877929688,203802606
2018-03-08 19:00:00,730.4600219726562,698.8300170898438,642.0599975585938,726.9199829101562,409323870
2018-03-07 19:00:00,772.510009765625,751.1300048828125,688.8400268554688,698.8300170898438,289838564
2018-03-06 19:00:00,825.3200073242188,815.6500244140625,726.3800048828125,751.1300048828125,354361800
2018-03-05 19:00:00,851.0399780273438,849.5700073242188,803.6500244140625,815.6900024414062,195875620
2018-03-04 19:00:00,868.7999877929688,864.9199829101562,849.280029296875,849.4199829101562,127303467
2018-03-03 19:00:00,867.3400268554688,855.6500244140625,838.3599853515625,864.8300170898438,99578403
2018-03-02 19:00:00,867.4400024414062,855.5999755859375,852.8599853515625,855.6500244140625,94471138
2018-03-01 19:00:00,876.5599975585938,869.8400268554688,849.989990234375,855.5999755859375,135957233
2018-02-28 19:00:00,880.2100219726562,851.5,846.719970703125,869.8699951171875,182033011
2018-02-27 19:00:00,887.510009765625,871.5900268554688,850.5800170898438,851.5,195669597
2018-02-26 19:00:00,894.9199829101562,867.6199951171875,861.719970703125,871.5800170898438,201082786
2018-02-25 19:00:00,880.1199951171875,840.280029296875,834.0599975585938,867.6199951171875,247282448
2018-02-24 19:00:00,849.52001953125,833.489990234375,818.5499877929688,840.280029296875,171228507
2018-02-23 19:00:00,874.719970703125,854.7000122070312,810.6400146484375,833.489990234375,255866976
2018-02-22 19:00:00,882.4199829101562,804.6099853515625,787.969970703125,854.7000122070312,340134173
2018-02-21 19:00:00,871.3200073242188,840.1900024414062,788.9199829101562,804.6300048828125,362800754
2018-02-20 19:00:00,906.5599975585938,885.52001953125,818.1199951171875,840.0999755859375,445950029
2018-02-19 19:00:00,958.8599853515625,939.7899780273438,877.280029296875,885.52001953125,344672330
2018-02-18 19:00:00,955.6199951171875,913.9000244140625,911.5999755859375,939.7899780273438,218921662
2018-02-17 19:00:00,981.47998046875,974.780029296875,905.9600219726562,913.9000244140625,375068724
2018-02-16 19:00:00,974.8300170898438,937.9199829101562,934.9500122070312,974.77001953125,276682460
2018-02-15 19:00:00,945.3599853515625,927.9500122070312,909.4099731445312,938.02001953125,282763877
2018-02-14 19:00:00,947.530029296875,920.1099853515625,905.6500244140625,927.9500122070312,454133646
2018-02-13 19:00:00,922.3699951171875,840.989990234375,840.8699951171875,920.1099853515625,470132510
2018-02-12 19:00:00,867.5999755859375,865.280029296875,823.77001953125,840.97998046875,256092877
2018-02-11 19:00:00,874.8499755859375,811.1699829101562,811.0900268554688,865.27001953125,300521830
2018-02-10 19:00:00,853.739990234375,850.989990234375,780.1300048828125,811.239990234375,308313754
2018-02-09 19:00:00,909.3200073242188,877.6599731445312,816.0900268554688,850.75,451412405
2018-02-08 19:00:00,880.219970703125,813.5499877929688,781.5,877.8800048828125,469210004
2018-02-07 19:00:00,844.8599853515625,751.8599853515625,750.02001953125,813.5499877929688,510550202
2018-02-06 19:00:00,858.280029296875,785.1599731445312,718.280029296875,751.8099975585938,895500139
2018-02-05 19:00:00,801.72998046875,695.0499877929688,564.1900024414062,785.010009765625,1556542861
2018-02-04 19:00:00,857.8200073242188,826.3400268554688,629.0800170898438,695.0800170898438,1272929187
2018-02-03 19:00:00,971.0499877929688,970.8699951171875,781.3599853515625,827.5900268554688,666593264
2018-02-02 19:00:00,997.5999755859375,917.469970703125,845.1799926757812,970.8699951171875,552868551
2018-02-01 19:00:00,1027.6600341796875,1026.18994140625,746.6699829101562,917.469970703125,1606436956
2018-01-31 19:00:00,1155.5799560546875,1111.2900390625,954.75,1026.18994140625,1033001644
2018-01-30 19:00:00,1122.97998046875,1063.77001953125,1020.77001953125,1111.31005859375,550605628
2018-01-29 19:00:00,1173.1800537109375,1169.93994140625,1034.719970703125,1063.75,835962532
2018-01-28 19:00:00,1240.3199462890625,1231.5699462890625,1151.530029296875,1169.9599609375,515965244
2018-01-27 19:00:00,1240.469970703125,1109.0799560546875,1101.6199951171875,1231.5799560546875,662174309
2018-01-26 19:00:00,1121.9000244140625,1048.5799560546875,1033.8599853515625,1109.0799560546875,395059716
2018-01-25 19:00:00,1075.5899658203125,1046.3699951171875,987.1300048828125,1048.5799560546875,509049582
2018-01-24 19:00:00,1102.4200439453125,1061.6099853515625,1022.2000122070312,1046.3699951171875,568607934
2018-01-23 19:00:00,1062.5999755859375,984.47998046875,956.969970703125,1061.780029296875,521553676
2018-01-22 19:00:00,1020.6599731445312,999.75,908.3099975585938,984.469970703125,660805261
2018-01-21 19:00:00,1084.280029296875,1049.0899658203125,917.0,999.6400146484375,676845706
2018-01-20 19:00:00,1150.5699462890625,1150.5,1008.0599975585938,1049.0899658203125,543760385
2018-01-19 19:00:00,1164.6199951171875,1037.3599853515625,1036.8199462890625,1150.5,545646401
2018-01-18 19:00:00,1083.6199951171875,1012.969970703125,982.6199951171875,1037.3599853515625,517599347
2018-01-17 19:00:00,1093.9000244140625,1024.9000244140625,949.5599975585938,1012.969970703125,1117430433
2018-01-16 19:00:00,1115.6600341796875,1050.260009765625,764.75,1024.68994140625,2034010888
2018-01-15 19:00:00,1282.27001953125,1278.699951171875,864.22998046875,1050.260009765625,1931700742
2018-01-14 19:00:00,1381.3499755859375,1359.3800048828125,1271.0699462890625,1278.68994140625,537797572
2018-01-13 19:00:00,1389.3199462890625,1385.02001953125,1267.47998046875,1359.47998046875,610496132
2018-01-12 19:00:00,1422.8599853515625,1261.06005859375,1261.010009765625,1385.02001953125,744906594
2018-01-11 19:00:00,1287.06005859375,1139.3199462890625,1087.6099853515625,1261.030029296875,704750432
2018-01-10 19:00:00,1333.9200439453125,1248.9599609375,1100.8499755859375,1139.3199462890625,1270849838
2018-01-09 19:00:00,1385.219970703125,1289.239990234375,1210.8499755859375,1248.989990234375,1445484601
2018-01-08 19:00:00,1300.300048828125,1136.1099853515625,1133.699951171875,1289.239990234375,986697724
2018-01-07 19:00:00,1228.25,1117.75,967.8400268554688,1136.1099853515625,1292737991
2018-01-06 19:00:00,1117.8399658203125,1006.4099731445312,1003.2100219726562,1117.75,602250144
2018-01-05 19:00:00,1010.1699829101562,967.1300048828125,958.2899780273438,1006.4099731445312,381555969
2018-01-04 19:00:00,1018.3699951171875,944.8300170898438,933.97998046875,967.1300048828125,808280779
2018-01-03 19:00:00,997.4400024414062,941.0,901.030029296875,944.8300170898438,780050914
2018-01-02 19:00:00,951.7000122070312,861.969970703125,847.9000244140625,941.0999755859375,778108786
2018-01-01 19:00:00,882.6099853515625,756.1699829101562,756.1699829101562,861.969970703125,949013949
2017-12-31 19:00:00,765.2999877929688,741.0900268554688,724.3300170898438,756.2000122070312,256171569
2017-12-30 19:00:00,746.6199951171875,692.989990234375,686.4400024414062,741.1300048828125,259822610
2017-12-29 19:00:00,741.6699829101562,739.5999755859375,663.8800048828125,692.989990234375,455555629
2017-12-28 19:00:00,755.2000122070312,716.6900024414062,710.2000122070312,739.5999755859375,392497843
2017-12-27 19:00:00,741.4600219726562,739.9299926757812,671.22998046875,716.6900024414062,437323299
2017-12-26 19:00:00,766.530029296875,753.4400024414062,706.6699829101562,739.9400024414062,352542483
2017-12-25 19:00:00,756.030029296875,723.1400146484375,722.22998046875,753.4000244140625,293691001
2017-12-24 19:00:00,747.3599853515625,676.0800170898438,671.7100219726562,723.1400146484375,382873119
2017-12-23 19:00:00,701.0700073242188,700.4400024414062,597.1199951171875,675.9099731445312,477777689
2017-12-22 19:00:00,747.530029296875,657.8099975585938,651.0999755859375,700.4400024414062,468771914
2017-12-21 19:00:00,794.1599731445312,789.3900146484375,490.2799987792969,657.8300170898438,1535685091
2017-12-20 19:00:00,840.5499877929688,799.1699829101562,759.6500244140625,789.3900146484375,725479885
2017-12-19 19:00:00,830.2000122070312,812.5,713.75,799.1699829101562,889990388
2017-12-18 19:00:00,868.8900146484375,786.1699829101562,767.5900268554688,812.5,1094688835
2017-12-17 19:00:00,799.3699951171875,717.72998046875,679.7999877929688,785.989990234375,752383737
2017-12-16 19:00:00,732.4500122070312,692.3200073242188,691.9500122070312,717.7100219726562,381124251
2017-12-15 19:00:00,718.3699951171875,684.0900268554688,678.52001953125,692.8300170898438,378863163
2017-12-14 19:00:00,696.8900146484375,693.5800170898438,614.3300170898438,684.27001953125,633348317
2017-12-13 19:00:00,751.6799926757812,699.0900268554688,662.2899780273438,693.5800170898438,806129945
2017-12-12 19:00:00,755.0700073242188,656.52001953125,593.8900146484375,699.0900268554688,1324617349
2017-12-11 19:00:00,678.25,513.3599853515625,499.57000732421875,656.52001953125,997267993
2017-12-10 19:00:00,519.3499755859375,436.5400085449219,436.010009765625,513.2899780273438,359245523
2017-12-09 19:00:00,472.7799987792969,472.30999755859375,428.29998779296875,436.489990234375,307733091
2017-12-08 19:00:00,507.3599853515625,451.7799987792969,448.0899963378906,472.8599853515625,522718280
2017-12-07 19:00:00,461.1000061035156,420.760009765625,410.3299865722656,451.739990234375,479837604
2017-12-06 19:00:00,434.8500061035156,422.3900146484375,404.1600036621094,421.1499938964844,416652301
2017-12-05 19:00:00,456.8699951171875,453.9599914550781,413.1300048828125,422.4800109863281,470223347
2017-12-04 19:00:00,467.8399963378906,466.92999267578125,451.4700012207031,453.9599914550781,227246572
2017-12-03 19:00:00,472.1600036621094,462.9200134277344,446.6400146484375,466.92999267578125,189877684
2017-12-02 19:00:00,481.55999755859375,457.9599914550781,445.57000732421875,462.80999755859375,237918665
2017-12-01 19:00:00,471.3900146484375,461.5799865722656,449.69000244140625,457.9599914550781,214732551
2017-11-30 19:00:00,467.2200012207031,435.30999755859375,416.7699890136719,461.5799865722656,259931075
2017-11-29 19:00:00,460.80999755859375,427.29998779296875,396.1400146484375,434.8500061035156,438013592
2017-11-28 19:00:00,515.4400024414062,466.239990234375,409.3500061035156,427.4200134277344,619578824
2017-11-27 19:00:00,478.4599914550781,475.20001220703125,459.9100036621094,466.2699890136719,258005286
2017-11-26 19:00:00,489.42999267578125,470.45001220703125,462.4700012207031,475.239990234375,319587125
2017-11-25 19:00:00,471.5,464.54998779296875,451.1199951171875,470.5400085449219,172973289
2017-11-24 19:00:00,483.3800048828125,470.3999938964844,457.4100036621094,464.6099853515625,301212841
2017-11-23 19:00:00,478.3800048828125,406.510009765625,400.17999267578125,470.42999267578125,394452948
2017-11-22 19:00:00,424.9200134277344,380.8299865722656,375.44000244140625,406.57000732421875,414164352
2017-11-21 19:00:00,381.6099853515625,360.5199890136719,359.9700012207031,380.8399963378906,164317320
2017-11-20 19:00:00,372.8699951171875,367.7099914550781,351.4100036621094,360.5199890136719,251898109
2017-11-19 19:00:00,372.82000732421875,354.6700134277344,354.2799987792969,367.7099914550781,167626773
2017-11-18 19:00:00,371.32000732421875,346.6499938964844,343.8900146484375,354.6000061035156,225946121
2017-11-17 19:00:00,349.4599914550781,331.7200012207031,326.8299865722656,346.6499938964844,141724984
2017-11-16 19:00:00,334.54998779296875,330.32000732421875,325.8299865722656,331.7200012207031,124992568
2017-11-15 19:00:00,334.8500061035156,331.20001220703125,321.8999938964844,330.32000732421875,157426941
2017-11-14 19:00:00,345.17999267578125,334.7200012207031,324.8800048828125,331.20001220703125,171713343
2017-11-13 19:00:00,337.1499938964844,314.6000061035156,314.45001220703125,334.7200012207031,256426287
2017-11-12 19:00:00,318.5799865722656,306.0199890136719,305.3500061035156,314.6000061035156,174789178
2017-11-11 19:00:00,317.2200012207031,314.2300109863281,297.4800109863281,306.0199890136719,269198764
2017-11-10 19:00:00,320.04998779296875,296.8599853515625,296.260009765625,314.2300109863281,163117794
2017-11-09 19:00:00,324.2200012207031,319.6700134277344,288.9599914550781,296.8599853515625,242321395
2017-11-08 19:00:00,329.2099914550781,307.3500061035156,305.8399963378906,319.6600036621094,207473774
2017-11-07 19:00:00,319.20001220703125,291.8399963378906,290.54998779296875,307.3500061035156,245218193
2017-11-06 19:00:00,303.760009765625,296.82000732421875,287.45001220703125,291.8399963378906,155572238
2017-11-05 19:00:00,306.79998779296875,296.2200012207031,292.260009765625,296.82000732421875,112601694
2017-11-04 20:00:00,300.6499938964844,300.0,294.05999755859375,296.2300109863281,63667315
2017-11-03 20:00:00,304.6499938964844,304.510009765625,294.04998779296875,300.0400085449219,82749431
2017-11-02 20:00:00,307.1400146484375,284.9200134277344,284.8500061035156,304.510009765625,144510264
2017-11-01 20:00:00,293.0299987792969,289.4200134277344,276.8900146484375,284.9200134277344,200255173
2017-10-31 20:00:00,304.7699890136719,303.6300048828125,288.5,289.4200134277344,121046164
2017-10-30 20:00:00,310.8599853515625,306.79998779296875,303.3999938964844,303.6400146484375,65784953
2017-10-29 20:00:00,311.94000244140625,304.0400085449219,303.5799865722656,306.79998779296875,57189166
2017-10-28 19:00:00,311.29998779296875,293.3299865722656,292.05999755859375,304.0400085449219,107293933
2017-10-27 19:00:00,297.04998779296875,296.3699951171875,291.1099853515625,293.3500061035156,41932396
2017-10-26 19:00:00,298.8999938964844,295.5400085449219,292.239990234375,296.3599853515625,45180916
2017-10-25 19:00:00,299.3699951171875,296.3500061035156,292.70001220703125,295.5400085449219,47625722
2017-10-24 19:00:00,300.3599853515625,296.5,289.4599914550781,296.3500061035156,72454123
2017-10-23 19:00:00,311.2300109863281,285.2699890136719,280.010009765625,296.5,165128705
2017-10-22 19:00:00,294.25,294.0299987792969,274.9599914550781,285.2699890136719,121924456
2017-10-21 19:00:00,305.8900146484375,299.54998779296875,290.69000244140625,294.0299987792969,67955886
2017-10-20 19:00:00,303.0899963378906,303.0799865722656,290.9200134277344,299.54998779296875,91321527
2017-10-19 19:00:00,312.1099853515625,307.4100036621094,301.8599853515625,303.0799865722656,91295399
2017-10-18 19:00:00,316.3800048828125,313.5400085449219,304.6300048828125,307.4100036621094,92233614
2017-10-17 19:00:00,316.3399963378906,316.1400146484375,287.95001220703125,313.5400085449219,164595270
2017-10-16 19:00:00,334.4200134277344,334.2300109863281,310.57000732421875,316.1400146484375,133468389
2017-10-15 19:00:00,352.3900146484375,336.5799865722656,332.8999938964844,334.2300109863281,170532984
2017-10-14 19:00:00,341.92999267578125,338.80999755859375,318.3500061035156,336.5799865722656,154046243
2017-10-13 19:00:00,347.1400146484375,336.8299865722656,333.8299865722656,338.80999755859375,118217861
2017-10-12 19:00:00,347.70001220703125,302.8900146484375,298.2900085449219,336.8299865722656,325130767
2017-10-11 19:00:00,308.7699890136719,302.8599853515625,301.6499938964844,302.8900146484375,130357482
2017-10-10 19:00:00,305.1199951171875,298.4599914550781,297.17999267578125,302.8599853515625,67246675
2017-10-09 19:00:00,305.95001220703125,296.95001220703125,292.2799987792969,298.4599914550781,80475858
2017-10-08 19:00:00,310.1400146484375,309.489990234375,286.5199890136719,296.95001220703125,140753204
2017-10-07 19:00:00,313.5199890136719,311.260009765625,308.1300048828125,309.489990234375,67801593
2017-10-06 19:00:00,314.1199951171875,308.3299865722656,304.6300048828125,311.260009765625,83321062
2017-10-05 19:00:00,309.0,294.989990234375,293.75,308.3299865722656,80140194
2017-10-04 19:00:00,297.4700012207031,291.67999267578125,286.7300109863281,294.989990234375,59328523
2017-10-03 19:00:00,295.57000732421875,291.80999755859375,288.55999755859375,291.67999267578125,67580849
2017-10-02 19:00:00,299.9200134277344,296.80999755859375,286.8599853515625,291.80999755859375,88276884
2017-10-01 19:00:00,304.1300048828125,303.95001220703125,293.3399963378906,296.80999755859375,87144370
2017-09-30 19:00:00,304.7900085449219,302.7699890136719,295.44000244140625,303.95001220703125,66161942
2017-09-29 19:00:00,305.9100036621094,292.5799865722656,292.32000732421875,302.7699890136719,82819424
2017-09-28 19:00:00,303.5400085449219,302.7699890136719,279.7900085449219,292.5799865722656,189289895
2017-09-27 19:00:00,310.239990234375,309.9700012207031,298.17999267578125,302.7699890136719,116142194
2017-09-26 19:00:00,312.6400146484375,288.6400146484375,287.8299865722656,309.9700012207031,155862803
2017-09-25 19:00:00,295.8900146484375,294.8900146484375,287.010009765625,288.6400146484375,77729398
2017-09-24 19:00:00,297.010009765625,282.6000061035156,282.4800109863281,294.8900146484375,125825077
2017-09-23 19:00:00,294.5400085449219,286.1400146484375,276.25,282.6000061035156,129812958
2017-09-22 19:00:00,286.7200012207031,262.94000244140625,259.5799865722656,286.1400146484375,111790766
2017-09-21 19:00:00,270.739990234375,257.7699890136719,254.27999877929688,262.94000244140625,128332019
2017-09-20 19:00:00,287.1300048828125,283.55999755859375,252.22000122070312,257.7699890136719,213821119
2017-09-19 19:00:00,293.739990234375,283.0,277.7200012207031,283.55999755859375,119360306
2017-09-18 19:00:00,299.9100036621094,297.5299987792969,275.94000244140625,283.0,211173075
2017-09-17 19:00:00,300.69000244140625,258.3999938964844,258.3599853515625,297.5299987792969,316944028
2017-09-16 19:00:00,265.7799987792969,254.49000549316406,239.97999572753906,258.3999938964844,129073620
2017-09-15 19:00:00,272.42999267578125,259.57000732421875,245.74000549316406,254.49000549316406,213735353
2017-09-14 19:00:00,267.70001220703125,223.13999938964844,200.75,259.57000732421875,601118554
2017-09-13 19:00:00,280.6499938964844,275.8399963378906,222.05999755859375,223.13999938964844,448360655
2017-09-12 19:00:00,294.3900146484375,294.1000061035156,257.1600036621094,275.8399963378906,328829086
2017-09-11 19:00:00,316.3800048828125,297.95001220703125,285.75,294.1000061035156,212949898
2017-09-10 19:00:00,308.29998779296875,299.2099914550781,288.6000061035156,297.95001220703125,149130023
2017-09-09 19:00:00,305.760009765625,303.7900085449219,280.70001220703125,299.2099914550781,179819553
2017-09-08 19:00:00,309.07000732421875,306.7200012207031,293.7099914550781,303.7900085449219,127930167
2017-09-07 19:00:00,335.3900146484375,335.3699951171875,293.1199951171875,306.7200012207031,307973324
2017-09-06 19:00:00,338.9200134277344,338.9200134277344,323.3599853515625,335.3699951171875,145609934
2017-09-05 19:00:00,341.7699890136719,317.94000244140625,317.82000732421875,338.9200134277344,207751167
2017-09-04 19:00:00,324.3699951171875,303.70001220703125,275.9700012207031,317.94000244140625,285969365
2017-09-03 19:00:00,352.45001220703125,352.45001220703125,279.95001220703125,303.70001220703125,518097340
2017-09-02 19:00:00,370.5,351.0299987792969,336.3699951171875,352.45001220703125,220213614
2017-09-01 19:00:00,392.0400085449219,391.4200134277344,328.8699951171875,351.0299987792969,392672123
2017-08-31 19:00:00,395.29998779296875,388.3299865722656,386.7099914550781,391.4200134277344,192664622
2017-08-30 19:00:00,389.6400146484375,383.8599853515625,380.8900146484375,388.3299865722656,129260777
2017-08-29 19:00:00,390.6400146484375,372.3500061035156,367.4100036621094,383.8599853515625,247280361
2017-08-28 19:00:00,375.17999267578125,347.6600036621094,347.239990234375,372.3500061035156,245077133
2017-08-27 19:00:00,350.5,347.8800048828125,335.4100036621094,347.6600036621094,155518324
2017-08-26 19:00:00,347.9200134277344,332.8599853515625,332.79998779296875,347.8800048828125,113661914
2017-08-25 19:00:00,334.70001220703125,330.05999755859375,325.8999938964844,332.8599853515625,70828266
2017-08-24 19:00:00,337.239990234375,325.2799987792969,324.69000244140625,330.05999755859375,142040413
2017-08-23 19:00:00,328.6499938964844,317.3999938964844,315.94000244140625,325.2799987792969,113467892
2017-08-22 19:00:00,325.1000061035156,313.3699951171875,313.1600036621094,317.3999938964844,136793702
2017-08-21 19:00:00,329.3900146484375,321.8500061035156,293.0899963378906,313.3699951171875,255666010
2017-08-20 19:00:00,345.44000244140625,298.20001220703125,294.92999267578125,321.8500061035156,371320147
2017-08-19 19:00:00,298.7799987792969,293.0199890136719,288.4800109863281,298.20001220703125,86214711
2017-08-18 19:00:00,298.7900085449219,292.6199951171875,283.6499938964844,293.0199890136719,133331931
2017-08-17 19:00:00,306.5199890136719,300.29998779296875,287.1700134277344,292.6199951171875,155333057
2017-08-16 19:00:00,310.42999267578125,301.3800048828125,298.19000244140625,300.29998779296875,141776697
2017-08-15 19:00:00,303.2900085449219,286.5199890136719,280.6600036621094,301.3800048828125,143590085
2017-08-14 19:00:00,299.7099914550781,299.1600036621094,271.3800048828125,286.5199890136719,209502360
2017-08-13 19:00:00,306.29998779296875,296.6199951171875,294.739990234375,299.1600036621094,138516552
2017-08-12 19:00:00,308.8699951171875,308.0199890136719,288.0400085449219,296.6199951171875,209757139
2017-08-11 19:00:00,319.1400146484375,309.32000732421875,303.7099914550781,308.0199890136719,198463746
2017-08-10 19:00:00,310.3599853515625,298.2799987792969,295.94000244140625,309.32000732421875,146799311
2017-08-09 19:00:00,310.17999267578125,295.239990234375,289.2200012207031,298.2799987792969,173781086
2017-08-08 19:00:00,314.75,296.510009765625,279.1000061035156,295.2799987792969,439031586
2017-08-07 19:00:00,299.54998779296875,269.94000244140625,266.94000244140625,296.510009765625,229459233
2017-08-06 19:00:00,274.3900146484375,264.55999755859375,257.4100036621094,269.94000244140625,158590573
2017-08-05 19:00:00,272.2200012207031,253.08999633789062,251.7899932861328,264.55999755859375,219315844
2017-08-04 19:00:00,258.4700012207031,220.60000610351562,219.72000122070312,253.08999633789062,251531536
2017-08-03 19:00:00,227.4499969482422,224.38999938964844,219.72999572753906,220.60000610351562,87804496
2017-08-02 19:00:00,228.0800018310547,218.1199951171875,217.83999633789062,224.38999938964844,93201219
2017-08-01 19:00:00,228.97999572753906,225.89999389648438,215.7100067138672,218.1199951171875,122967812
2017-07-31 19:00:00,232.5500030517578,201.3300018310547,201.27000427246094,225.89999389648438,314260050
2017-07-30 19:00:00,201.77999877929688,196.77999877929688,190.52999877929688,201.3300018310547,103641349
2017-07-29 19:00:00,209.8800048828125,206.13999938964844,194.1199951171875,196.77999877929688,110586575
2017-07-28 19:00:00,209.57000732421875,191.2100067138672,177.69000244140625,206.13999938964844,192325102
2017-07-27 19:00:00,203.92999267578125,202.92999267578125,189.77000427246094,191.2100067138672,123425467
2017-07-26 19:00:00,205.67999267578125,202.8800048828125,198.92999267578125,202.92999267578125,102009361
2017-07-25 19:00:00,209.2899932861328,203.58999633789062,193.10000610351562,202.8800048828125,161659275
2017-07-24 19:00:00,225.97999572753906,225.47999572753906,192.63999938964844,203.58999633789062,285374761
2017-07-23 19:00:00,229.55999755859375,228.32000732421875,224.0399932861328,225.47999572753906,90165893
2017-07-22 19:00:00,234.1699981689453,230.47000122070312,220.3000030517578,228.32000732421875,128301932
2017-07-21 19:00:00,236.5500030517578,216.3300018310547,215.3000030517578,230.47000122070312,151128752
2017-07-20 19:00:00,236.6199951171875,226.3300018310547,209.4600067138672,216.3300018310547,233383296
2017-07-19 19:00:00,235.86000061035156,194.41000366210938,194.41000366210938,226.3300018310547,504434488
2017-07-18 19:00:00,244.02000427246094,227.08999633789062,187.2100067138672,194.41000366210938,576048989
2017-07-17 19:00:00,256.8900146484375,189.97000122070312,177.4199981689453,227.08999633789062,642203465
2017-07-16 19:00:00,190.25999450683594,155.4199981689453,154.25,189.97000122070312,352420261
2017-07-15 19:00:00,171.91000366210938,169.10000610351562,132.63999938964844,155.4199981689453,374176884
2017-07-14 19:00:00,198.7100067138672,197.13999938964844,168.9499969482422,169.10000610351562,176484014
2017-07-13 19:00:00,207.07000732421875,205.41000366210938,182.6199951171875,197.13999938964844,181470096
2017-07-12 19:00:00,226.66000366210938,224.14999389648438,193.1999969482422,205.41000366210938,196303864
2017-07-11 19:00:00,227.05999755859375,190.5500030517578,181.6199951171875,224.14999389648438,289483936
2017-07-10 19:00:00,216.16000366210938,205.75999450683594,175.2100067138672,190.5500030517578,368656185
2017-07-09 19:00:00,240.08999633789062,237.72000122070312,188.2100067138672,205.75999450683594,274808713
2017-07-08 19:00:00,251.7899932861328,245.6699981689453,236.58999633789062,237.72000122070312,76538488
2017-07-07 19:00:00,248.35000610351562,240.94000244140625,230.9600067138672,245.6699981689453,139823006
2017-07-06 19:00:00,266.25,265.8800048828125,236.16000366210938,240.94000244140625,171183446
2017-07-05 19:00:00,274.54998779296875,266.0,261.57000732421875,265.8800048828125,106470793
2017-07-04 19:00:00,274.0299987792969,269.04998779296875,253.6999969482422,266.0,162838117
2017-07-03 19:00:00,282.32000732421875,276.4100036621094,265.2099914550781,269.04998779296875,141480666
2017-07-02 19:00:00,284.30999755859375,283.989990234375,272.6400146484375,276.4100036621094,139887958
2017-07-01 19:00:00,293.29998779296875,261.0,254.19000244140625,283.989990234375,189730463
2017-06-30 19:00:00,281.80999755859375,280.67999267578125,253.17999267578125,261.0,214127111
2017-06-29 19:00:00,305.29998779296875,292.8999938964844,270.42999267578125,280.67999267578125,205409173
2017-06-28 19:00:00,322.2799987792969,315.8599853515625,285.8900146484375,292.8999938964844,249819374
2017-06-27 19:00:00,323.8699951171875,286.1400146484375,260.8900146484375,315.8599853515625,366875067
2017-06-26 19:00:00,286.6400146484375,253.67999267578125,211.47000122070312,286.1400146484375,346738914
2017-06-25 19:00:00,293.54998779296875,279.3599853515625,209.5500030517578,253.67999267578125,444174618
2017-06-24 19:00:00,309.9800109863281,304.5400085449219,253.3000030517578,279.3599853515625,222961091
2017-06-23 19:00:00,330.2799987792969,326.8500061035156,298.7300109863281,304.5400085449219,114491120
2017-06-22 19:00:00,331.5299987792969,320.9700012207031,319.6199951171875,326.8500061035156,78597250
2017-06-21 19:00:00,333.3999938964844,325.29998779296875,308.2099914550781,320.9700012207031,155828144
2017-06-20 19:00:00,352.8299865722656,350.5299987792969,138.5,325.29998779296875,305462617
2017-06-19 19:00:00,365.2200012207031,358.20001220703125,323.69000244140625,350.5299987792969,201343473
2017-06-18 19:00:00,361.5,351.5299987792969,348.6600036621094,358.20001220703125,106180717
2017-06-17 19:00:00,379.1700134277344,368.1000061035156,341.2900085449219,351.5299987792969,162855868
2017-06-16 19:00:00,368.3299865722656,353.6099853515625,342.8500061035156,368.1000061035156,134453789
2017-06-15 19:00:00,360.8399963378906,344.67999267578125,316.8299865722656,353.6099853515625,223997348
2017-06-14 19:00:00,351.94000244140625,343.8399963378906,260.7799987792969,344.67999267578125,602112721
2017-06-13 19:00:00,393.6199951171875,388.0899963378906,317.2300109863281,343.8399963378906,348212541
2017-06-12 19:00:00,399.5,394.6600036621094,359.70001220703125,388.0899963378906,260123720
2017-06-11 19:00:00,417.2099914550781,339.67999267578125,311.989990234375,394.6600036621094,549683393
2017-06-10 19:00:00,351.2099914550781,335.95001220703125,314.3900146484375,339.67999267578125,215135870
2017-06-09 19:00:00,351.82000732421875,279.1099853515625,278.7900085449219,335.95001220703125,286877358
2017-06-08 19:00:00,279.1400146484375,259.4100036621094,259.3599853515625,279.1099853515625,121471877
2017-06-07 19:00:00,260.7699890136719,255.77000427246094,250.88999938964844,259.4100036621094,90124852
2017-06-06 19:00:00,264.79998779296875,264.260009765625,246.1699981689453,255.77000427246094,115588722
2017-06-05 19:00:00,268.1199951171875,247.75,246.5,264.260009765625,189040588
2017-06-04 19:00:00,248.6199951171875,244.9600067138672,241.5,247.75,83061054
2017-06-03 19:00:00,249.33999633789062,224.3000030517578,223.8800048828125,244.9600067138672,123696111
2017-06-02 19:00:00,226.41000366210938,222.0399932861328,218.7899932861328,224.3000030517578,55938007
2017-06-01 19:00:00,227.7100067138672,220.6999969482422,216.94000244140625,222.0399932861328,89635792
2017-05-31 19:00:00,235.52000427246094,228.63999938964844,208.0,220.6999969482422,188744370
2017-05-30 19:00:00,233.9199981689453,228.5800018310547,214.0500030517578,228.63999938964844,225740686
2017-05-29 19:00:00,232.0800018310547,194.1699981689453,185.8300018310547,228.5800018310547,259513540
2017-05-28 19:00:00,197.74000549316406,172.86000061035156,165.36000061035156,194.1699981689453,117364507
2017-05-27 19:00:00,182.36000061035156,156.50999450683594,156.50999450683594,172.86000061035156,127225150
2017-05-26 19:00:00,169.6199951171875,162.8300018310547,114.16999816894531,156.6300048828125,220037050
2017-05-25 19:00:00,197.6699981689453,177.3300018310547,141.55999755859375,162.8300018310547,180297613
2017-05-24 19:00:00,216.10000610351562,193.02999877929688,160.86000061035156,177.3300018310547,238787495
2017-05-23 19:00:00,201.14999389648438,169.5,167.80999755859375,193.02999877929688,175438578
2017-05-22 19:00:00,176.0399932861328,160.38999938964844,155.05999755859375,169.5,114242328
2017-05-21 19:00:00,181.4600067138672,148.0,133.3800048828125,160.38999938964844,274191653
2017-05-20 19:00:00,148.60000610351562,123.05999755859375,121.72000122070312,148.0,110402028
2017-05-19 19:00:00,129.07000732421875,124.37999725341797,120.61000061035156,123.05999755859375,63750018
2017-05-18 19:00:00,129.47000122070312,95.87999725341797,95.7300033569336,124.37999725341797,130687977
2017-05-17 19:00:00,96.0999984741211,86.9800033569336,86.69000244140625,95.87999725341797,46394766
2017-05-16 19:00:00,89.4000015258789,87.80000305175781,81.98999786376953,86.9800033569336,39565758
2017-05-15 19:00:00,92.18000030517578,90.31999969482422,85.68000030517578,87.80000305175781,38782037
2017-05-14 19:00:00,94.30000305175781,88.72000122070312,86.75,90.31999969482422,50259306
2017-05-13 19:00:00,89.69999694824219,87.95999908447266,86.33000183105469,88.72000122070312,14701160
2017-05-12 19:00:00,88.58999633789062,85.1500015258789,81.80999755859375,87.95999908447266,18579547
2017-05-11 19:00:00,90.56999969482422,88.19999694824219,83.1500015258789,85.1500015258789,37700850
2017-05-10 19:00:00,90.55000305175781,87.83000183105469,85.7699966430664,88.19999694824219,32402025
2017-05-09 19:00:00,91.31999969482422,86.2699966430664,84.98999786376953,87.83000183105469,28478144
2017-05-08 19:00:00,89.58000183105469,88.38999938964844,75.06999969482422,86.2699966430664,63784971
2017-05-07 19:00:00,93.44999694824219,90.45999908447266,80.93000030517578,88.38999938964844,50131802
2017-05-06 19:00:00,96.37000274658203,94.81999969482422,62.7400016784668,90.45999908447266,45495746
2017-05-05 19:00:00,95.5999984741211,90.79000091552734,90.55999755859375,94.81999969482422,30584898
2017-05-04 19:00:00,97.66000366210938,94.55000305175781,87.11000061035156,90.79000091552734,72828175
2017-05-03 19:00:00,95.30999755859375,80.37000274658203,79.33999633789062,94.55000305175781,84572615
2017-05-02 19:00:00,80.95999908447266,77.25,75.4000015258789,80.37000274658203,38833085
2017-05-01 19:00:00,81.23999786376953,77.52999877929688,74.63999938964844,77.25,43090049
2017-04-30 19:00:00,83.87000274658203,79.83000183105469,71.45999908447266,77.52999877929688,99260395
2017-04-29 19:00:00,81.26000213623047,69.83000183105469,69.27999877929688,79.83000183105469,45723362
2017-04-28 19:00:00,74.02999877929688,72.41999816894531,67.62000274658203,69.83000183105469,38785700
2017-04-27 19:00:00,73.8499984741211,63.13999938964844,62.08000183105469,72.41999816894531,71238627
2017-04-26 19:00:00,63.41999816894531,53.279998779296875,52.43000030517578,63.13999938964844,45226868
2017-04-25 19:00:00,54.61000061035156,50.09000015258789,50.0099983215332,53.279998779296875,28727738
2017-04-24 19:00:00,50.61000061035156,49.939998626708984,49.790000915527344,50.09000015258789,8566119
2017-04-23 19:00:00,50.40999984741211,48.75,48.720001220703125,49.939998626708984,12211894
2017-04-22 19:00:00,48.91999816894531,48.40999984741211,47.90999984741211,48.75,8709584
2017-04-21 19:00:00,48.939998626708984,48.27000045776367,47.97999954223633,48.40999984741211,7451077
2017-04-20 19:00:00,49.459999084472656,49.36000061035156,48.09000015258789,48.27000045776367,9824903
2017-04-19 19:00:00,49.560001373291016,47.880001068115234,47.5099983215332,49.36000061035156,15519870
2017-04-18 19:00:00,50.5,49.880001068115234,46.86000061035156,47.880001068115234,19057555
2017-04-17 19:00:00,50.25,47.939998626708984,47.75,49.880001068115234,22065841
2017-04-16 19:00:00,48.529998779296875,48.220001220703125,47.56999969482422,47.939998626708984,8322156
2017-04-15 19:00:00,49.22999954223633,48.88999938964844,47.540000915527344,48.220001220703125,4563693
2017-04-14 19:00:00,62.029998779296875,47.31999969482422,46.88999938964844,48.88999938964844,10687561
2017-04-13 19:00:00,50.099998474121094,49.970001220703125,46.529998779296875,47.31999969482422,15807873
2017-04-12 19:00:00,51.040000915527344,46.380001068115234,46.13999938964844,49.970001220703125,28170249
2017-04-11 19:00:00,47.88999938964844,43.7400016784668,43.2599983215332,46.380001068115234,22030599
2017-04-10 19:00:00,44.43000030517578,43.7400016784668,43.470001220703125,43.7400016784668,6477981
2017-04-09 19:00:00,44.56999969482422,43.720001220703125,42.4900016784668,43.7400016784668,9252478
2017-04-08 19:00:00,44.72999954223633,44.369998931884766,42.790000915527344,43.720001220703125,7984771
2017-04-07 19:00:00,45.77000045776367,42.310001373291016,42.16999816894531,44.369998931884766,12638180
2017-04-06 19:00:00,44.58000183105469,43.22999954223633,41.58000183105469,42.310001373291016,12658079
2017-04-05 19:00:00,45.869998931884766,44.900001525878906,40.9900016784668,43.22999954223633,23956305
2017-04-04 19:00:00,47.4900016784668,44.43000030517578,44.119998931884766,44.900001525878906,21702217
2017-04-03 19:00:00,45.970001220703125,44.130001068115234,41.279998779296875,44.43000030517578,30705300
2017-04-02 19:00:00,48.7599983215332,48.54999923706055,42.4900016784668,44.130001068115234,44841678
2017-04-01 19:00:00,51.150001525878906,50.599998474121094,47.58000183105469,48.54999923706055,29315614
2017-03-31 19:00:00,51.77000045776367,49.90999984741211,48.650001525878906,50.599998474121094,16332366
2017-03-30 19:00:00,52.220001220703125,51.90999984741211,46.83000183105469,49.90999984741211,37271970
2017-03-29 19:00:00,53.630001068115234,53.06999969482422,51.36000061035156,51.90999984741211,21489377
2017-03-28 19:00:00,53.970001220703125,50.25,50.08000183105469,53.06999969482422,38472526
2017-03-27 19:00:00,50.54999923706055,49.060001373291016,48.5,50.25,22561201
2017-03-26 19:00:00,51.720001220703125,50.630001068115234,48.33000183105469,49.060001373291016,24298571
2017-03-25 20:00:00,51.68000030517578,50.619998931884766,48.45000076293945,50.630001068115234,23147171
2017-03-24 20:00:00,53.59000015258789,53.189998626708984,47.619998931884766,50.619998931884766,54975694
2017-03-23 20:00:00,53.7400016784668,43.20000076293945,42.77000045776367,53.189998626708984,73808171
2017-03-22 20:00:00,44.2599983215332,41.650001525878906,40.59000015258789,43.20000076293945,23891682
2017-03-21 20:00:00,42.939998626708984,42.66999816894531,38.560001373291016,41.650001525878906,24709533
2017-03-20 20:00:00,43.79999923706055,42.5099983215332,41.68000030517578,42.66999816894531,20719388
2017-03-19 20:00:00,45.5099983215332,43.119998931884766,40.93000030517578,42.5099983215332,36051939
2017-03-18 20:00:00,45.54999923706055,34.0,33.400001525878906,43.119998931884766,66179861
2017-03-17 20:00:00,45.2400016784668,44.47999954223633,30.6299991607666,34.0,78375178
2017-03-16 20:00:00,54.880001068115234,45.5099983215332,34.54999923706055,44.47999954223633,126403905
2017-03-15 20:00:00,46.54999923706055,35.18000030517578,34.7599983215332,45.5099983215332,110340100
2017-03-14 20:00:00,35.31999969482422,28.579999923706055,28.309999465942383,35.18000030517578,41558801
2017-03-13 20:00:00,29.8799991607666,28.450000762939453,26.90999984741211,28.579999923706055,20686242
2017-03-12 20:00:00,31.040000915527344,23.309999465942383,23.299999237060547,28.450000762939453,62404918
2017-03-11 19:00:00,23.809999465942383,21.450000762939453,21.200000762939453,23.309999465942383,18139890
2017-03-10 19:00:00,21.639999389648438,19.1299991607666,18.719999313354492,21.450000762939453,16305702
2017-03-09 19:00:00,19.68000030517578,17.709999084472656,16.56999969482422,19.1299991607666,25211751
2017-03-08 19:00:00,18.1299991607666,16.540000915527344,15.9399995803833,17.709999084472656,9124768
2017-03-07 19:00:00,18.93000030517578,18.90999984741211,16.510000228881836,16.540000915527344,13176714
2017-03-06 19:00:00,19.809999465942383,19.75,18.520000457763672,18.90999984741211,11143090
2017-03-05 19:00:00,20.299999237060547,19.219999313354492,19.0,19.75,10247940
2017-03-04 19:00:00,19.399999618530273,18.610000610351562,18.100000381469727,19.219999313354492,5782306
2017-03-03 19:00:00,20.190000534057617,19.479999542236328,18.559999465942383,18.610000610351562,7413157
2017-03-02 19:00:00,21.059999465942383,19.079999923706055,17.809999465942383,19.479999542236328,24152328
2017-03-01 19:00:00,19.639999389648438,17.549999237060547,16.579999923706055,19.079999923706055,19994584
2017-02-28 19:00:00,17.649999618530273,16.06999969482422,15.680000305175781,17.549999237060547,13731714
2017-02-27 19:00:00,16.75,15.550000190734863,15.1899995803833,16.06999969482422,19857331
2017-02-26 19:00:00,16.09000015258789,14.59000015258789,14.300000190734863,15.550000190734863,8252909
2017-02-25 19:00:00,14.649999618530273,13.569999694824219,13.369999885559082,14.59000015258789,4621619
2017-02-24 19:00:00,13.779999732971191,13.109999656677246,12.970000267028809,13.569999694824219,3554709
2017-02-23 19:00:00,13.289999961853027,13.130000114440918,12.720000267028809,13.109999656677246,3472766
2017-02-22 19:00:00,13.300000190734863,12.6899995803833,12.640000343322754,13.130000114440918,2869257
2017-02-21 19:00:00,12.899999618530273,12.770000457763672,12.619999885559082,12.6899995803833,1724079
2017-02-20 19:00:00,12.84000015258789,12.520000457763672,12.25,12.770000457763672,2738193
2017-02-19 19:00:00,12.899999618530273,12.819999694824219,12.479999542236328,12.520000457763672,1980817
2017-02-18 19:00:00,12.920000076293945,12.829999923706055,12.739999771118164,12.819999694824219,1028415
2017-02-17 19:00:00,12.890000343322754,12.720000267028809,12.710000038146973,12.829999923706055,1270318
2017-02-16 19:00:00,12.9399995803833,12.949999809265137,12.680000305175781,12.720000267028809,2015038
2017-02-15 19:00:00,13.0600004196167,12.970000267028809,12.640000343322754,12.949999809265137,26181931
2017-02-14 19:00:00,13.680000305175781,13.0,12.630000114440918,12.970000267028809,3998609
2017-02-13 19:00:00,14.050000190734863,11.390000343322754,11.319999694824219,13.0,8633943
2017-02-12 19:00:00,11.489999771118164,11.420000076293945,11.1899995803833,11.390000343322754,1044736
2017-02-11 19:00:00,11.489999771118164,11.430000305175781,11.34000015258789,11.420000076293945,679904
2017-02-10 19:00:00,11.449999809265137,11.34000015258789,11.279999732971191,11.430000305175781,1131595
2017-02-09 19:00:00,11.4399995803833,10.9399995803833,10.8100004196167,11.34000015258789,1955534
2017-02-08 19:00:00,11.489999771118164,11.390000343322754,10.529999732971191,10.9399995803833,3312153
2017-02-07 19:00:00,11.600000381469727,11.449999809265137,11.109999656677246,11.390000343322754,1842031
2017-02-06 19:00:00,11.550000190734863,11.319999694824219,11.260000228881836,11.449999809265137,1481700
2017-02-05 19:00:00,11.390000343322754,11.220000267028809,11.180000305175781,11.319999694824219,970692
2017-02-04 19:00:00,11.390000343322754,11.319999694824219,11.100000381469727,11.220000267028809,904300
2017-02-03 19:00:00,11.399999618530273,10.949999809265137,10.880000114440918,11.319999694824219,2507121
2017-02-02 19:00:00,10.949999809265137,10.779999732971191,10.550000190734863,10.949999809265137,2590189
2017-02-01 19:00:00,10.920000076293945,10.710000038146973,10.569999694824219,10.779999732971191,2738130
2017-01-31 19:00:00,10.869999885559082,10.710000038146973,10.529999732971191,10.710000038146973,2367496
2017-01-30 19:00:00,10.800000190734863,10.619999885559082,10.529999732971191,10.710000038146973,2020510
2017-01-29 19:00:00,10.770000457763672,10.470000267028809,10.420000076293945,10.619999885559082,1369992
2017-01-28 19:00:00,10.5600004196167,10.539999961853027,10.4399995803833,10.470000267028809,412832
2017-01-27 19:00:00,10.569999694824219,10.510000228881836,10.4399995803833,10.539999961853027,764915
2017-01-26 19:00:00,10.670000076293945,10.649999618530273,10.40999984741211,10.510000228881836,1060899
2017-01-25 19:00:00,10.670000076293945,10.510000228881836,10.479999542236328,10.649999618530273,940417
2017-01-24 19:00:00,10.649999618530273,10.510000228881836,10.399999618530273,10.510000228881836,864774
2017-01-23 19:00:00,10.869999885559082,10.779999732971191,10.489999771118164,10.510000228881836,1330265
2017-01-22 19:00:00,10.960000038146973,10.710000038146973,10.630000114440918,10.779999732971191,1035512
2017-01-21 19:00:00,11.010000228881836,10.90999984741211,10.600000381469727,10.710000038146973,1443235
2017-01-20 19:00:00,11.0,10.600000381469727,10.539999961853027,10.90999984741211,1663670
2017-01-19 19:00:00,10.75,10.430000305175781,10.3100004196167,10.600000381469727,1630007
2017-01-18 19:00:00,10.520000457763672,10.1899995803833,10.170000076293945,10.430000305175781,1181087
2017-01-17 19:00:00,10.460000038146973,10.140000343322754,9.90999984741211,10.1899995803833,1986053
2017-01-16 19:00:00,10.529999732971191,9.59000015258789,9.5600004196167,10.140000343322754,2847715
2017-01-15 19:00:00,10.119999885559082,9.880000114440918,9.550000190734863,9.59000015258789,857365
2017-01-14 19:00:00,9.989999771118164,9.779999732971191,9.729999542236328,9.880000114440918,466935
2017-01-13 19:00:00,9.90999984741211,9.779999732971191,9.630000114440918,9.779999732971191,610220
2017-01-12 19:00:00,9.899999618530273,9.8100004196167,9.470000267028809,9.779999732971191,1201195
2017-01-11 19:00:00,10.229999542236328,9.829999923706055,9.140000343322754,9.8100004196167,2340175
2017-01-10 19:00:00,10.720000267028809,10.550000190734863,9.489999771118164,9.829999923706055,3510206
2017-01-09 19:00:00,10.680000305175781,10.199999809265137,10.229999542236328,10.550000190734863,1592370
2017-01-08 19:00:00,10.75,10.270000457763672,10.029999732971191,10.199999809265137,2324307
2017-01-07 19:00:00,10.390000343322754,9.779999732971191,9.670000076293945,10.270000457763672,1933043
2017-01-06 19:00:00,10.119999885559082,10.069999694824219,9.470000267028809,9.779999732971191,1942619
2017-01-05 19:00:00,10.420000076293945,10.199999809265137,9.4399995803833,10.069999694824219,3477359
2017-01-04 19:00:00,11.630000114440918,10.880000114440918,9.069999694824219,10.199999809265137,9120265
2017-01-03 19:00:00,10.890000343322754,9.59000015258789,9.3100004196167,10.880000114440918,7005140
2017-01-02 19:00:00,9.9399995803833,8.329999923706055,8.180000305175781,9.59000015258789,5292231
2017-01-01 19:00:00,8.470000267028809,8.140000343322754,8.029999732971191,8.329999923706055,1292250
2016-12-31 19:00:00,8.539999961853027,8.050000190734863,8.020000457763672,8.140000343322754,1347147
2016-12-30 19:00:00,8.229999542236328,8.15999984741211,7.920000076293945,8.050000190734863,1105687
2016-12-29 19:00:00,8.479999542236328,8.210000038146973,7.989999771118164,8.15999984741211,1329431
2016-12-28 19:00:00,8.510000228881836,7.570000171661377,7.489999771118164,8.210000038146973,3493858
2016-12-27 19:00:00,7.71999979019165,7.150000095367432,7.03000020980835,7.570000171661377,1766689
2016-12-26 19:00:00,7.340000152587891,7.210000038146973,7.03000020980835,7.150000095367432,652961
2016-12-25 19:00:00,7.300000190734863,7.190000057220459,6.980000019073486,7.210000038146973,544580
2016-12-24 19:00:00,7.309999942779541,7.230000019073486,7.099999904632568,7.190000057220459,417117
2016-12-23 19:00:00,7.440000057220459,7.159999847412109,7.019999980926514,7.230000019073486,536182
2016-12-22 19:00:00,7.639999866485596,7.639999866485596,7.050000190734863,7.159999847412109,1661753
2016-12-21 19:00:00,7.920000076293945,7.869999885559082,7.480000019073486,7.639999866485596,1484702
2016-12-20 19:00:00,7.960000038146973,7.590000152587891,7.570000171661377,7.869999885559082,871421
2016-12-19 19:00:00,7.760000228881836,7.610000133514404,7.539999961853027,7.590000152587891,535548
2016-12-18 19:00:00,7.920000076293945,7.889999866485596,7.570000171661377,7.610000133514404,561539
2016-12-17 19:00:00,7.940000057220459,7.659999847412109,7.659999847412109,7.889999866485596,596318
2016-12-16 19:00:00,7.869999885559082,7.849999904632568,7.46999979019165,7.659999847412109,931231
2016-12-15 19:00:00,7.940000057220459,7.760000228881836,7.75,7.849999904632568,545242
2016-12-14 19:00:00,8.279999732971191,8.229999542236328,7.670000076293945,7.760000228881836,1657356
2016-12-13 19:00:00,8.470000267028809,8.399999618530273,8.199999809265137,8.229999542236328,572590
2016-12-12 19:00:00,8.539999961853027,8.449999809265137,8.3100004196167,8.399999618530273,588447
2016-12-11 19:00:00,8.600000381469727,8.199999809265137,8.149999618530273,8.449999809265137,1036639
2016-12-10 19:00:00,8.25,8.09000015258789,8.0600004196167,8.199999809265137,424995
2016-12-09 19:00:00,8.579999923706055,8.520000457763672,8.010000228881836,8.09000015258789,862005
2016-12-08 19:00:00,8.640000343322754,8.300000190734863,7.980000019073486,8.520000457763672,1200256
2016-12-07 19:00:00,8.899999618530273,8.350000381469727,8.1899995803833,8.300000190734863,1798741
2016-12-06 19:00:00,8.550000190734863,7.610000133514404,7.389999866485596,8.350000381469727,1716783
2016-12-05 19:00:00,7.800000190734863,6.690000057220459,5.96999979019165,7.610000133514404,4244346
2016-12-04 19:00:00,7.599999904632568,7.539999961853027,6.53000020980835,6.690000057220459,2211620
2016-12-03 19:00:00,7.920000076293945,7.900000095367432,7.420000076293945,7.539999961853027,728686
2016-12-02 19:00:00,8.130000114440918,7.650000095367432,7.440000057220459,7.900000095367432,1424715
2016-12-01 19:00:00,8.4399995803833,8.4399995803833,7.300000190734863,7.650000095367432,3086902
2016-11-30 19:00:00,8.670000076293945,8.59000015258789,8.270000457763672,8.4399995803833,830842
2016-11-29 19:00:00,8.729999542236328,8.180000305175781,8.069999694824219,8.59000015258789,1370387
2016-11-28 19:00:00,8.710000038146973,8.65999984741211,7.800000190734863,8.180000305175781,2178363
2016-11-27 19:00:00,9.039999961853027,8.90999984741211,8.5600004196167,8.65999984741211,883086
2016-11-26 19:00:00,9.34000015258789,9.34000015258789,8.640000343322754,8.90999984741211,1353644
2016-11-25 19:00:00,9.489999771118164,9.390000343322754,9.25,9.34000015258789,293525
2016-11-24 19:00:00,9.75,9.220000267028809,9.170000076293945,9.390000343322754,716441
2016-11-23 19:00:00,9.819999694824219,9.779999732971191,8.6899995803833,9.220000267028809,1867383
2016-11-22 19:00:00,9.930000305175781,9.84000015258789,9.710000038146973,9.779999732971191,456302
2016-11-21 19:00:00,10.25,9.5600004196167,9.510000228881836,9.84000015258789,1239793
2016-11-20 19:00:00,9.649999618530273,9.569999694824219,9.430000305175781,9.5600004196167,450573
2016-11-19 19:00:00,9.760000228881836,9.699999809265137,9.5,9.569999694824219,486220
2016-11-18 19:00:00,9.760000228881836,9.529999732971191,9.449999809265137,9.699999809265137,664066
2016-11-17 19:00:00,9.989999771118164,9.949999809265137,9.420000076293945,9.529999732971191,1198775
2016-11-16 19:00:00,10.140000343322754,10.010000228881836,9.8100004196167,9.949999809265137,1108257
2016-11-15 19:00:00,10.380000114440918,10.220000267028809,9.850000381469727,10.010000228881836,1257139
2016-11-14 19:00:00,10.319999694824219,10.0,9.8100004196167,10.220000267028809,796438
2016-11-13 19:00:00,10.170000076293945,10.130000114440918,9.899999618530273,10.0,565262
2016-11-12 19:00:00,10.380000114440918,9.960000038146973,9.680000305175781,10.130000114440918,810621
2016-11-11 19:00:00,10.34000015258789,10.289999961853027,9.640000343322754,9.960000038146973,1155624
2016-11-10 19:00:00,10.670000076293945,10.520000457763672,10.1899995803833,10.289999961853027,775064
2016-11-09 19:00:00,10.729999542236328,10.640000343322754,10.4399995803833,10.520000457763672,443281
2016-11-08 19:00:00,10.829999923706055,10.859999656677246,10.15999984741211,10.640000343322754,1986925
2016-11-07 19:00:00,11.010000228881836,10.899999618530273,10.789999961853027,10.859999656677246,998744
2016-11-06 19:00:00,11.039999961853027,10.970000267028809,10.850000381469727,10.899999618530273,782734
2016-11-05 20:00:00,11.15999984741211,11.109999656677246,10.890000343322754,10.970000267028809,485095
2016-11-04 20:00:00,11.210000038146973,11.130000114440918,10.979999542236328,11.109999656677246,457396
2016-11-03 20:00:00,11.149999618530273,10.859999656677246,10.800000190734863,11.130000114440918,884314
2016-11-02 20:00:00,11.119999885559082,10.819999694824219,10.710000038146973,10.859999656677246,1572227
2016-11-01 20:00:00,11.15999984741211,10.75,10.6899995803833,10.819999694824219,1354204
2016-10-31 20:00:00,11.1899995803833,10.90999984741211,10.319999694824219,10.75,2120518
2016-10-30 20:00:00,11.640000343322754,11.220000267028809,10.859999656677246,10.90999984741211,1472033
2016-10-29 19:00:00,11.420000076293945,10.390000343322754,10.279999732971191,11.220000267028809,1221192
2016-10-28 19:00:00,11.25,11.079999923706055,9.420000076293945,10.390000343322754,3189413
2016-10-27 19:00:00,11.600000381469727,11.430000305175781,10.930000305175781,11.079999923706055,1744841
2016-10-26 19:00:00,11.569999694824219,11.5,11.210000038146973,11.430000305175781,1185604
2016-10-25 19:00:00,11.6899995803833,11.380000114440918,11.289999961853027,11.5,906595
2016-10-24 19:00:00,11.960000038146973,11.930000305175781,11.079999923706055,11.380000114440918,2217209
2016-10-23 19:00:00,12.020000457763672,11.949999809265137,11.890000343322754,11.930000305175781,676684
2016-10-22 19:00:00,12.09000015258789,12.0600004196167,11.899999618530273,11.949999809265137,500515
2016-10-21 19:00:00,12.15999984741211,12.069999694824219,11.899999618530273,12.0600004196167,577127
2016-10-20 19:00:00,12.130000114440918,12.050000190734863,11.970000267028809,12.069999694824219,396002
2016-10-19 19:00:00,12.260000228881836,11.979999542236328,11.930000305175781,12.050000190734863,884658
2016-10-18 19:00:00,12.649999618530273,12.5,11.880000114440918,11.979999542236328,1413674
2016-10-17 19:00:00,12.920000076293945,11.979999542236328,11.930000305175781,12.5,2086531
2016-10-16 19:00:00,12.0,11.930000305175781,11.819999694824219,11.979999542236328,921893
2016-10-15 19:00:00,12.039999961853027,11.960000038146973,11.869999885559082,11.930000305175781,425194
2016-10-14 19:00:00,11.979999542236328,11.899999618530273,11.760000228881836,11.960000038146973,625037
2016-10-13 19:00:00,12.0600004196167,12.020000457763672,11.84000015258789,11.899999618530273,794319
2016-10-12 19:00:00,12.100000381469727,11.770000457763672,11.739999771118164,12.020000457763672,1210242
2016-10-11 19:00:00,12.09000015258789,11.75,11.680000305175781,11.770000457763672,1348844
2016-10-10 19:00:00,12.229999542236328,11.739999771118164,11.699999809265137,11.75,1355534
2016-10-09 19:00:00,12.149999618530273,12.0600004196167,11.600000381469727,11.739999771118164,2039638
2016-10-08 19:00:00,12.40999984741211,12.239999771118164,11.970000267028809,12.0600004196167,1339556
2016-10-07 19:00:00,12.760000228881836,12.680000305175781,12.039999961853027,12.239999771118164,1494626
2016-10-06 19:00:00,13.079999923706055,12.869999885559082,12.5,12.680000305175781,1313504
2016-10-05 19:00:00,13.1899995803833,13.09000015258789,12.65999984741211,12.869999885559082,1424912
2016-10-04 19:00:00,13.4399995803833,13.319999694824219,13.09000015258789,13.09000015258789,1087377
2016-10-03 19:00:00,13.5600004196167,13.449999809265137,13.229999542236328,13.319999694824219,1307651
2016-10-02 19:00:00,13.510000228881836,13.229999542236328,13.180000305175781,13.449999809265137,922433
2016-10-01 19:00:00,13.300000190734863,13.210000038146973,13.149999618530273,13.229999542236328,631029
2016-09-30 19:00:00,13.300000190734863,13.239999771118164,13.069999694824219,13.210000038146973,824667
2016-09-29 19:00:00,13.390000343322754,13.170000076293945,13.0600004196167,13.239999771118164,889551
2016-09-28 19:00:00,13.380000114440918,13.300000190734863,13.09000015258789,13.170000076293945,878164
2016-09-27 19:00:00,13.5600004196167,13.09000015258789,13.0600004196167,13.300000190734863,1122919
2016-09-26 19:00:00,13.300000190734863,12.890000343322754,12.829999923706055,13.09000015258789,1086159
2016-09-25 19:00:00,13.15999984741211,13.050000190734863,12.800000190734863,12.890000343322754,783983
2016-09-24 19:00:00,13.170000076293945,12.90999984741211,12.789999961853027,13.050000190734863,565459
2016-09-23 19:00:00,13.399999618530273,13.359999656677246,12.630000114440918,12.90999984741211,1202185
2016-09-22 19:00:00,13.460000038146973,13.109999656677246,13.079999923706055,13.359999656677246,1001985
2016-09-21 19:00:00,13.84000015258789,13.720000267028809,12.369999885559082,13.109999656677246,3037294
2016-09-20 19:00:00,14.84000015258789,14.720000267028809,13.180000305175781,13.720000267028809,3597165
2016-09-19 19:00:00,14.75,12.930000305175781,12.920000076293945,14.720000267028809,4649566
2016-09-18 19:00:00,13.15999984741211,12.390000343322754,12.359999656677246,12.930000305175781,1570880
2016-09-17 19:00:00,13.0,12.829999923706055,12.210000038146973,12.390000343322754,2999604
2016-09-16 19:00:00,12.920000076293945,12.609999656677246,12.430000305175781,12.829999923706055,874551
2016-09-15 19:00:00,12.8100004196167,11.960000038146973,11.890000343322754,12.609999656677246,2298783
2016-09-14 19:00:00,12.140000343322754,11.970000267028809,11.890000343322754,11.960000038146973,1642142
2016-09-13 19:00:00,12.0600004196167,11.920000076293945,11.760000228881836,11.970000267028809,1189503
2016-09-12 19:00:00,12.140000343322754,11.890000343322754,11.819999694824219,11.920000076293945,3108044
2016-09-11 19:00:00,11.960000038146973,11.640000343322754,11.619999885559082,11.890000343322754,724255
2016-09-10 19:00:00,12.199999809265137,12.050000190734863,11.579999923706055,11.640000343322754,1253034
2016-09-09 19:00:00,12.0600004196167,11.720000267028809,11.489999771118164,12.050000190734863,1011883
2016-09-08 19:00:00,11.760000228881836,11.390000343322754,11.289999961853027,11.720000267028809,1395640
2016-09-07 19:00:00,11.720000267028809,11.59000015258789,11.289999961853027,11.390000343322754,1182869
2016-09-06 19:00:00,11.859999656677246,11.699999809265137,11.5,11.59000015258789,704039
2016-09-05 19:00:00,11.760000228881836,11.75,11.449999809265137,11.699999809265137,870183
2016-09-04 19:00:00,11.829999923706055,11.710000038146973,11.59000015258789,11.75,508640
2016-09-03 19:00:00,11.930000305175781,11.850000381469727,11.489999771118164,11.710000038146973,912660
2016-09-02 19:00:00,12.40999984741211,12.079999923706055,11.550000190734863,11.850000381469727,1552172
2016-09-01 19:00:00,12.369999885559082,12.210000038146973,11.920000076293945,12.079999923706055,1731750
2016-08-31 19:00:00,12.600000381469727,11.550000190734863,11.550000190734863,12.210000038146973,3084388
2016-08-30 19:00:00,11.739999771118164,11.210000038146973,11.140000343322754,11.550000190734863,1283480
2016-08-29 19:00:00,11.300000190734863,10.949999809265137,10.9399995803833,11.210000038146973,967365
2016-08-28 19:00:00,11.15999984741211,10.989999771118164,10.770000457763672,10.949999809265137,1106816
2016-08-27 19:00:00,11.210000038146973,11.1899995803833,10.979999542236328,10.989999771118164,793760
2016-08-26 19:00:00,11.289999961853027,11.260000228881836,11.149999618530273,11.1899995803833,485209
2016-08-25 19:00:00,11.4399995803833,11.350000381469727,11.1899995803833,11.260000228881836,847110
2016-08-24 19:00:00,11.359999656677246,11.010000228881836,10.979999542236328,11.350000381469727,1230358
2016-08-23 19:00:00,11.170000076293945,11.010000228881836,10.920000076293945,11.010000228881836,739274
2016-08-22 19:00:00,11.220000267028809,11.069999694824219,10.869999885559082,11.010000228881836,1117682
2016-08-21 19:00:00,11.369999885559082,11.140000343322754,11.039999961853027,11.069999694824219,1196884
2016-08-20 19:00:00,11.3100004196167,11.279999732971191,10.960000038146973,11.140000343322754,548398
2016-08-19 19:00:00,11.350000381469727,10.710000038146973,10.680000305175781,11.279999732971191,1576304
2016-08-18 19:00:00,10.850000381469727,10.770000457763672,10.640000343322754,10.710000038146973,977152
2016-08-17 19:00:00,11.069999694824219,10.770000457763672,10.739999771118164,10.770000457763672,1436468
2016-08-16 19:00:00,11.229999542236328,11.170000076293945,10.710000038146973,10.770000457763672,2530514
2016-08-15 19:00:00,11.430000305175781,11.210000038146973,10.979999542236328,11.170000076293945,1261077
2016-08-14 19:00:00,11.430000305175781,11.210000038146973,10.970000267028809,11.210000038146973,1373317
2016-08-13 19:00:00,11.710000038146973,11.5600004196167,11.079999923706055,11.210000038146973,1638525
2016-08-12 19:00:00,11.829999923706055,11.779999732971191,11.489999771118164,11.5600004196167,1193514
2016-08-11 19:00:00,12.039999961853027,11.680000305175781,11.579999923706055,11.779999732971191,2065414
2016-08-10 19:00:00,12.350000381469727,12.220000267028809,11.59000015258789,11.680000305175781,3016560
2016-08-09 19:00:00,12.670000076293945,12.220000267028809,11.859999656677246,12.220000267028809,5255819
2016-08-08 19:00:00,12.430000305175781,11.289999961853027,11.170000076293945,12.220000267028809,4071702
2016-08-07 19:00:00,11.489999771118164,10.979999542236328,10.829999923706055,11.289999961853027,2281375
2016-08-06 19:00:00,11.130000114440918,10.949999809265137,10.760000228881836,10.979999542236328,1377540
2016-08-05 19:00:00,11.09000015258789,11.050000190734863,10.34000015258789,10.949999809265137,1043336
2016-08-04 19:00:00,11.319999694824219,11.210000038146973,10.729999542236328,11.050000190734863,1126449
2016-08-03 19:00:00,11.529999732971191,10.420000076293945,10.25,11.210000038146973,2985961
2016-08-02 19:00:00,10.640000343322754,8.300000190734863,8.09000015258789,10.420000076293945,4834647
2016-08-01 19:00:00,11.199999809265137,11.039999961853027,7.03000020980835,8.300000190734863,10863339
2016-07-31 19:00:00,12.050000190734863,11.859999656677246,10.149999618530273,11.039999961853027,3610696
2016-07-30 19:00:00,12.5600004196167,12.569999694824219,11.539999961853027,11.859999656677246,3358462
2016-07-29 19:00:00,12.880000114440918,12.869999885559082,12.529999732971191,12.569999694824219,2030259
2016-07-28 19:00:00,12.930000305175781,12.869999885559082,12.5600004196167,12.869999885559082,2029034
2016-07-27 19:00:00,13.079999923706055,13.050000190734863,12.479999542236328,12.869999885559082,3121650
2016-07-26 19:00:00,13.520000457763672,12.079999923706055,11.729999542236328,13.050000190734863,5077547
2016-07-25 19:00:00,13.899999618530273,13.84000015258789,11.739999771118164,12.079999923706055,10981872
2016-07-24 19:00:00,13.880000114440918,12.630000114440918,12.59000015258789,13.84000015258789,5674967
2016-07-23 19:00:00,14.680000305175781,14.399999618530273,12.149999618530273,12.630000114440918,13418374
2016-07-22 19:00:00,15.270000457763672,14.819999694824219,13.989999771118164,14.399999618530273,7061906
2016-07-21 19:00:00,15.0600004196167,12.65999984741211,12.569999694824219,14.819999694824219,14161594
2016-07-20 19:00:00,12.920000076293945,12.539999961853027,12.020000457763672,12.65999984741211,5314646
2016-07-19 19:00:00,13.0,11.630000114440918,11.399999618530273,12.539999961853027,11258732
2016-07-18 19:00:00,12.100000381469727,11.029999732971191,10.949999809265137,11.630000114440918,4055734
2016-07-17 19:00:00,11.65999984741211,11.1899995803833,10.899999618530273,11.029999732971191,2657743
2016-07-16 19:00:00,11.729999542236328,11.59000015258789,10.899999618530273,11.1899995803833,4958378
2016-07-15 19:00:00,12.119999885559082,11.880000114440918,11.5,11.59000015258789,1741687
2016-07-14 19:00:00,12.640000343322754,11.550000190734863,11.399999618530273,11.880000114440918,5989467
2016-07-13 19:00:00,11.6899995803833,10.4399995803833,10.369999885559082,11.550000190734863,3803996
2016-07-12 19:00:00,10.670000076293945,10.539999961853027,10.390000343322754,10.4399995803833,836101
2016-07-11 19:00:00,10.84000015258789,10.579999923706055,10.430000305175781,10.539999961853027,987728
2016-07-10 19:00:00,11.029999732971191,10.970000267028809,10.100000381469727,10.579999923706055,1754036
2016-07-09 19:00:00,11.140000343322754,10.920000076293945,10.770000457763672,10.970000267028809,542703
2016-07-08 19:00:00,11.5,11.300000190734863,10.680000305175781,10.920000076293945,2172756
2016-07-07 19:00:00,11.670000076293945,10.069999694824219,9.960000038146973,11.300000190734863,3259343
2016-07-06 19:00:00,10.600000381469727,10.510000228881836,9.6899995803833,10.069999694824219,1889826
2016-07-05 19:00:00,11.069999694824219,10.449999809265137,10.15999984741211,10.510000228881836,2068628
2016-07-04 19:00:00,11.40999984741211,11.34000015258789,8.979999542236328,10.449999809265137,6584753
2016-07-03 19:00:00,11.880000114440918,11.850000381469727,10.670000076293945,11.34000015258789,1827745
2016-07-02 19:00:00,12.149999618530273,12.039999961853027,11.5600004196167,11.850000381469727,1270392
2016-07-01 19:00:00,12.300000190734863,12.229999542236328,11.869999885559082,12.039999961853027,837313
2016-06-30 19:00:00,12.550000190734863,12.399999618530273,11.649999618530273,12.229999542236328,2146235
2016-06-29 19:00:00,12.819999694824219,12.760000228881836,12.119999885559082,12.399999618530273,1682614
2016-06-28 19:00:00,12.979999542236328,12.149999618530273,11.59000015258789,12.760000228881836,3155698
2016-06-27 19:00:00,14.140000343322754,14.039999961853027,11.359999656677246,12.149999618530273,7059267
2016-06-26 19:00:00,14.430000305175781,13.819999694824219,13.600000381469727,14.039999961853027,1241424
2016-06-25 19:00:00,14.329999923706055,14.279999732971191,13.5600004196167,13.819999694824219,1615035
2016-06-24 19:00:00,14.619999885559082,14.25,13.890000343322754,14.279999732971191,2233332
2016-06-23 19:00:00,14.800000190734863,13.579999923706055,13.119999885559082,14.25,5307462
2016-06-22 19:00:00,13.90999984741211,13.210000038146973,12.479999542236328,13.579999923706055,5979901
2016-06-21 19:00:00,15.899999618530273,12.710000038146973,12.640000343322754,13.210000038146973,20239842
2016-06-20 19:00:00,12.760000228881836,11.699999809265137,11.079999923706055,12.710000038146973,5196251
2016-06-19 19:00:00,12.609999656677246,12.329999923706055,10.420000076293945,11.699999809265137,7368783
2016-06-18 19:00:00,13.529999732971191,11.359999656677246,10.550000190734863,12.329999923706055,7516494
2016-06-17 19:00:00,15.529999732971191,15.489999771118164,9.9399995803833,11.359999656677246,20282268
2016-06-16 19:00:00,21.389999389648438,20.610000610351562,13.4399995803833,15.489999771118164,38835782
2016-06-15 19:00:00,21.350000381469727,18.299999237060547,18.209999084472656,20.610000610351562,10598002
2016-06-14 19:00:00,18.790000915527344,18.700000762939453,17.510000228881836,18.299999237060547,3960403
2016-06-13 19:00:00,19.170000076293945,17.549999237060547,16.34000015258789,18.700000762939453,11077976
2016-06-12 19:00:00,17.600000381469727,15.569999694824219,15.329999923706055,17.549999237060547,7459518
2016-06-11 19:00:00,15.600000381469727,14.010000228881836,13.90999984741211,15.569999694824219,4346663
2016-06-10 19:00:00,14.170000076293945,13.970000267028809,13.760000228881836,14.010000228881836,799325
2016-06-09 19:00:00,14.520000457763672,14.489999771118164,13.739999771118164,13.970000267028809,1773836
2016-06-08 19:00:00,14.729999542236328,14.4399995803833,14.369999885559082,14.489999771118164,692699
2016-06-07 19:00:00,14.760000228881836,14.40999984741211,14.300000190734863,14.4399995803833,2132214
2016-06-06 19:00:00,14.550000190734863,13.960000038146973,13.770000457763672,14.40999984741211,1831555
2016-06-05 19:00:00,14.039999961853027,13.850000381469727,13.710000038146973,13.960000038146973,913782
2016-06-04 19:00:00,13.899999618530273,13.65999984741211,13.489999771118164,13.850000381469727,576616
2016-06-03 19:00:00,13.90999984741211,13.779999732971191,13.329999923706055,13.65999984741211,1165878
2016-06-02 19:00:00,14.319999694824219,13.779999732971191,13.170000076293945,13.779999732971191,1686482
2016-06-01 19:00:00,14.079999923706055,13.829999923706055,13.619999885559082,13.779999732971191,1184334
2016-05-31 19:00:00,14.260000228881836,13.850000381469727,13.399999618530273,13.829999923706055,2302485
2016-05-30 19:00:00,14.279999732971191,12.479999542236328,12.430000305175781,13.850000381469727,3515815
2016-05-29 19:00:00,12.760000228881836,12.279999732971191,12.029999732971191,12.479999542236328,1065248
2016-05-28 19:00:00,12.430000305175781,11.5600004196167,11.369999885559082,12.279999732971191,2228732
2016-05-27 19:00:00,12.220000267028809,11.109999656677246,10.34000015258789,11.5600004196167,3181224
2016-05-26 19:00:00,12.329999923706055,12.369999885559082,10.390000343322754,11.109999656677246,3679168
2016-05-25 19:00:00,12.90999984741211,12.529999732971191,12.039999961853027,12.369999885559082,1301320
2016-05-24 19:00:00,12.899999618530273,12.619999885559082,11.819999694824219,12.529999732971191,1826871
2016-05-23 19:00:00,13.8100004196167,13.449999809265137,11.899999618530273,12.619999885559082,2893203
2016-05-22 19:00:00,14.399999618530273,14.210000038146973,13.319999694824219,13.449999809265137,1734447
2016-05-21 19:00:00,14.300000190734863,13.949999809265137,13.770000457763672,14.210000038146973,1270263
2016-05-20 19:00:00,14.020000457763672,13.729999542236328,12.90999984741211,13.949999809265137,1546478
2016-05-19 19:00:00,15.010000228881836,14.489999771118164,13.359999656677246,13.729999542236328,3107344
2016-05-18 19:00:00,14.649999618530273,13.289999961853027,13.020000457763672,14.489999771118164,2927687
2016-05-17 19:00:00,14.350000381469727,12.260000228881836,12.109999656677246,13.289999961853027,3335939
2016-05-16 19:00:00,12.600000381469727,11.039999961853027,11.029999732971191,12.260000228881836,2752386
2016-05-15 19:00:00,11.399999618530273,9.9399995803833,9.930000305175781,11.039999961853027,1547748
2016-05-14 19:00:00,10.470000267028809,10.140000343322754,9.90999984741211,9.9399995803833,413310
2016-05-13 19:00:00,10.65999984741211,10.479999542236328,9.739999771118164,10.140000343322754,754171
2016-05-12 19:00:00,11.119999885559082,10.100000381469727,10.039999961853027,10.479999542236328,1097388
2016-05-11 19:00:00,10.569999694824219,9.970000267028809,9.789999961853027,10.100000381469727,1270749
2016-05-10 19:00:00,10.010000228881836,9.390000343322754,9.369999885559082,9.970000267028809,756859
2016-05-09 19:00:00,9.5,9.319999694824219,9.220000267028809,9.390000343322754,212391
2016-05-08 19:00:00,9.729999542236328,9.4399995803833,9.170000076293945,9.319999694824219,401181
2016-05-07 19:00:00,9.539999961853027,9.300000190734863,8.90999984741211,9.4399995803833,486475
2016-05-06 19:00:00,9.449999809265137,9.270000457763672,9.09000015258789,9.300000190734863,245436
2016-05-05 19:00:00,9.949999809265137,9.789999961853027,9.09000015258789,9.270000457763672,741537
2016-05-04 19:00:00,9.970000267028809,9.430000305175781,9.270000457763672,9.789999961853027,575232
2016-05-03 19:00:00,9.979999542236328,9.369999885559082,9.210000038146973,9.430000305175781,575918
2016-05-02 19:00:00,10.170000076293945,10.029999732971191,8.609999656677246,9.369999885559082,846402
2016-05-01 19:00:00,10.430000305175781,8.760000228881836,8.75,10.029999732971191,1652336
2016-04-30 19:00:00,9.1899995803833,8.829999923706055,8.420000076293945,8.760000228881836,396806
2016-04-29 19:00:00,9.489999771118164,7.510000228881836,7.460000038146973,8.829999923706055,1391614
2016-04-28 19:00:00,7.71999979019165,7.300000190734863,7.190000057220459,7.510000228881836,212926
2016-04-27 19:00:00,7.789999961853027,7.769999980926514,7.25,7.300000190734863,283192
2016-04-26 19:00:00,7.989999771118164,7.5,7.329999923706055,7.769999980926514,383755
2016-04-25 19:00:00,7.599999904632568,7.429999828338623,7.099999904632568,7.5,557777
2016-04-24 19:00:00,8.100000381469727,8.0,7.269999980926514,7.429999828338623,786134
2016-04-23 19:00:00,8.449999809265137,8.3100004196167,7.820000171661377,8.0,372438
2016-04-22 19:00:00,8.539999961853027,7.829999923706055,7.71999979019165,8.3100004196167,329479
2016-04-21 19:00:00,8.369999885559082,8.149999618530273,7.659999847412109,7.829999923706055,412692
2016-04-20 19:00:00,8.699999809265137,8.539999961853027,8.0,8.149999618530273,357687
2016-04-19 19:00:00,8.920000076293945,8.770000457763672,8.350000381469727,8.539999961853027,721266
2016-04-18 19:00:00,9.25,8.920000076293945,8.550000190734863,8.770000457763672,471842
2016-04-17 19:00:00,9.510000228881836,9.449999809265137,8.460000038146973,8.920000076293945,588238
2016-04-16 19:00:00,9.989999771118164,8.479999542236328,8.479999542236328,9.449999809265137,763315
2016-04-15 19:00:00,8.569999694824219,8.220000267028809,8.149999618530273,8.479999542236328,267873
2016-04-14 19:00:00,8.609999656677246,8.479999542236328,8.119999885559082,8.220000267028809,182732
2016-04-13 19:00:00,8.880000114440918,8.020000457763672,8.0,8.479999542236328,331212
2016-04-12 19:00:00,8.760000228881836,7.53000020980835,7.0,8.020000457763672,816613
2016-04-11 19:00:00,8.720000267028809,8.720000267028809,7.150000095367432,7.53000020980835,656699
2016-04-10 19:00:00,8.949999809265137,8.800000190734863,7.989999771118164,8.720000267028809,477247
2016-04-09 19:00:00,9.199999809265137,9.15999984741211,7.349999904632568,8.800000190734863,1608160
2016-04-08 19:00:00,10.050000190734863,9.739999771118164,9.0,9.15999984741211,582928
2016-04-07 19:00:00,10.319999694824219,10.079999923706055,9.59000015258789,9.739999771118164,345107
2016-04-06 19:00:00,10.800000190734863,10.789999961853027,9.899999618530273,10.079999923706055,499584
2016-04-05 19:00:00,11.130000114440918,10.390000343322754,10.25,10.789999961853027,347894
2016-04-04 19:00:00,11.260000228881836,11.100000381469727,10.010000228881836,10.390000343322754,848156
2016-04-03 19:00:00,11.630000114440918,11.579999923706055,10.989999771118164,11.100000381469727,368905
2016-04-02 19:00:00,11.640000343322754,11.609999656677246,11.460000038146973,11.579999923706055,143804
2016-04-01 19:00:00,11.670000076293945,11.630000114440918,11.350000381469727,11.609999656677246,109565
2016-03-31 19:00:00,11.890000343322754,11.40999984741211,11.270000457763672,11.630000114440918,230341
2016-03-30 19:00:00,12.130000114440918,11.880000114440918,11.329999923706055,11.40999984741211,469619
2016-03-29 19:00:00,12.130000114440918,11.729999542236328,11.210000038146973,11.880000114440918,644259
2016-03-28 19:00:00,11.800000190734863,11.579999923706055,11.1899995803833,11.729999542236328,472412
2016-03-27 19:00:00,11.829999923706055,10.5,10.300000190734863,11.579999923706055,711407
2016-03-26 20:00:00,11.09000015258789,11.0,10.109999656677246,10.5,465235
2016-03-25 20:00:00,11.380000114440918,10.6899995803833,10.579999923706055,11.0,265184
2016-03-24 20:00:00,11.399999618530273,11.130000114440918,10.510000228881836,10.6899995803833,555245
2016-03-23 20:00:00,12.479999542236328,12.289999961853027,10.84000015258789,11.130000114440918,749565
2016-03-22 20:00:00,12.5,10.960000038146973,10.960000038146973,12.289999961853027,654062
2016-03-21 20:00:00,12.199999809265137,11.970000267028809,10.949999809265137,10.960000038146973,727727
2016-03-20 20:00:00,11.989999771118164,10.0600004196167,9.930000305175781,11.970000267028809,819534
2016-03-19 20:00:00,10.850000381469727,10.550000190734863,9.520000457763672,10.0600004196167,469675
2016-03-18 20:00:00,11.1899995803833,10.75,9.800000190734863,10.550000190734863,512234
2016-03-17 20:00:00,11.470000267028809,11.140000343322754,8.09000015258789,10.75,1629668
2016-03-16 20:00:00,13.0,12.920000076293945,10.199999809265137,11.140000343322754,1442272
2016-03-15 20:00:00,13.75,13.09000015258789,12.800000190734863,12.920000076293945,593048
2016-03-14 20:00:00,13.449999809265137,12.5,10.0,13.09000015258789,978794
2016-03-13 20:00:00,15.0,15.0,10.5,12.5,1909296
2016-03-12 19:00:00,15.180000305175781,13.25,12.0,15.0,1539173
2016-03-11 19:00:00,13.479999542236328,11.25,11.029999732971191,13.25,1669862
2016-03-10 19:00:00,11.619999885559082,11.109999656677246,10.399999618530273,11.25,332692
2016-03-09 19:00:00,12.050000190734863,11.550000190734863,10.25,11.109999656677246,749105
2016-03-08 19:00:00,12.0,9.880000114440918,9.600000381469727,11.550000190734863,568223
2016-03-07 19:00:00,10.890000343322754,9.5,8.489999771118164,9.880000114440918,592001
2016-03-06 19:00:00,11.470000267028809,10.979999542236328,9.0600004196167,9.5,732233
2016-03-05 19:00:00,11.899999618530273,11.0,9.75,10.979999542236328,845841
2016-03-04 19:00:00,12.0,9.960000038146973,9.75,11.0,1726260
2016-03-03 19:00:00,9.960000038146973,9.350000381469727,8.270000457763672,9.960000038146973,908225
2016-03-02 19:00:00,9.9399995803833,8.699999809265137,8.300000190734863,9.350000381469727,862559
2016-03-01 19:00:00,9.899999618530273,7.590000152587891,7.039999961853027,8.699999809265137,467357
2016-02-29 19:00:00,7.599999904632568,6.349999904632568,6.25,7.590000152587891,429220
2016-02-28 19:00:00,6.619999885559082,6.5,6.0,6.349999904632568,104433
2016-02-27 19:00:00,6.539999961853027,6.309999942779541,6.150000095367432,6.5,88226
2016-02-26 19:00:00,6.5,6.03000020980835,5.75,6.309999942779541,190116
2016-02-25 19:00:00,6.289999961853027,5.929999828338623,5.710000038146973,6.03000020980835,94076
2016-02-24 19:00:00,6.639999866485596,6.230000019073486,5.550000190734863,5.929999828338623,301845
2016-02-23 19:00:00,6.5,5.699999809265137,5.510000228881836,6.230000019073486,203972
2016-02-22 19:00:00,6.0,5.599999904632568,5.320000171661377,5.699999809265137,167226
2016-02-21 19:00:00,5.840000152587891,4.630000114440918,4.5,5.599999904632568,184739
2016-02-20 19:00:00,4.630000114440918,4.369999885559082,4.0,4.630000114440918,96725
2016-02-19 19:00:00,4.71999979019165,4.449999809265137,4.010000228881836,4.369999885559082,59998
2016-02-18 19:00:00,4.75,4.360000133514404,4.059999942779541,4.449999809265137,67845
2016-02-17 19:00:00,4.75,3.859999895095825,3.319999933242798,4.360000133514404,160004
2016-02-16 19:00:00,4.78000020980835,4.25,3.5,3.859999895095825,194919
2016-02-15 19:00:00,5.440000057220459,5.21999979019165,4.0,4.25,149224
2016-02-14 19:00:00,5.980000019073486,5.199999809265137,4.5,5.21999979019165,157021
2016-02-13 19:00:00,5.409999847412109,5.21999979019165,4.5,5.199999809265137,105581
2016-02-12 19:00:00,5.800000190734863,5.269999980926514,4.070000171661377,5.21999979019165,309173
2016-02-11 19:00:00,6.46999979019165,6.380000114440918,5.050000190734863,5.269999980926514,329698
2016-02-10 19:00:00,6.380000114440918,4.349999904632568,3.440000057220459,6.380000114440918,237406
2016-02-09 19:00:00,4.980000019073486,3.759999990463257,3.5,4.349999904632568,420132
2016-02-08 19:00:00,3.9700000286102295,3.1600000858306885,3.140000104904175,3.759999990463257,112281
2016-02-07 19:00:00,3.240000009536743,3.0,2.75,3.1600000858306885,68693
2016-02-06 19:00:00,3.0,2.5299999713897705,2.509999990463257,3.0,50607
2016-02-05 19:00:00,2.569999933242798,2.559999942779541,2.4800000190734863,2.5299999713897705,14564
2016-02-04 19:00:00,2.5899999141693115,2.569999933242798,2.4700000286102295,2.559999942779541,26847
2016-02-03 19:00:00,2.7899999618530273,2.5299999713897705,2.5,2.569999933242798,37881
2016-02-02 19:00:00,2.5399999618530273,2.450000047683716,2.299999952316284,2.5299999713897705,16849
2016-02-01 19:00:00,2.450000047683716,2.1700000762939453,2.119999885559082,2.450000047683716,20326
2016-01-31 19:00:00,2.319999933242798,2.200000047683716,2.0,2.1700000762939453,27808
2016-01-30 19:00:00,2.5399999618530273,2.440000057220459,2.200000047683716,2.200000047683716,39324
2016-01-29 19:00:00,2.5999999046325684,2.4100000858306885,2.369999885559082,2.440000057220459,8531
2016-01-28 19:00:00,2.609999895095825,2.549999952316284,2.2100000381469727,2.4100000858306885,67942
2016-01-27 19:00:00,2.609999895095825,2.4200000762939453,2.240000009536743,2.549999952316284,15510
2016-01-26 19:00:00,2.799999952316284,2.299999952316284,1.8799999952316284,2.4200000762939453,39261
2016-01-25 19:00:00,2.799999952316284,2.5,2.25,2.299999952316284,117514
2016-01-24 19:00:00,2.880000114440918,2.0999999046325684,2.049999952316284,2.5,52226
2016-01-23 19:00:00,2.299999952316284,2.0299999713897705,1.100000023841858,2.0999999046325684,130458
2016-01-22 19:00:00,2.0299999713897705,1.5199999809265137,1.3899999856948853,2.0299999713897705,50006
2016-01-21 19:00:00,1.659999966621399,1.5399999618530273,1.4199999570846558,1.5199999809265137,11707
2016-01-20 19:00:00,1.6100000143051147,1.5399999618530273,1.399999976158142,1.5399999618530273,39665
2016-01-19 19:00:00,1.6100000143051147,1.2200000286102295,1.2200000286102295,1.5399999618530273,7820
2016-01-18 19:00:00,1.4700000286102295,1.4700000286102295,1.2200000286102295,1.2200000286102295,4079
2016-01-17 19:00:00,1.5499999523162842,1.309999942779541,1.309999942779541,1.4700000286102295,49371
2016-01-16 19:00:00,1.309999942779541,1.2200000286102295,1.2100000381469727,1.309999942779541,2321
2016-01-15 19:00:00,1.3200000524520874,1.2000000476837158,1.2000000476837158,1.2200000286102295,8316
2016-01-14 19:00:00,1.3300000429153442,1.159999966621399,1.159999966621399,1.2000000476837158,8843
2016-01-13 19:00:00,1.159999966621399,1.1399999856948853,1.100000023841858,1.159999966621399,2056
2016-01-12 19:00:00,1.2200000286102295,1.2200000286102295,1.0700000524520874,1.1399999856948853,9029
2016-01-11 19:00:00,1.25,1.0800000429153442,1.0499999523162842,1.2200000286102295,27407
2016-01-10 19:00:00,1.100000023841858,1.0,1.0,1.0800000429153442,8945
2016-01-09 19:00:00,1.0,0.9850000143051147,0.9901999831199646,1.0,1681
2016-01-08 19:00:00,0.9980000257492065,0.9850000143051147,0.965399980545044,0.9850000143051147,3030
2016-01-07 19:00:00,0.9850000143051147,0.9399999976158142,0.9399999976158142,0.9850000143051147,6900
2016-01-06 19:00:00,0.9599999785423279,0.949999988079071,0.9300000071525574,0.9399999976158142,1618
2016-01-05 19:00:00,0.9520000219345093,0.9426000118255615,0.9291999936103821,0.949999988079071,1053
2016-01-04 19:00:00,0.9599000215530396,0.949999988079071,0.9409000277519226,0.9426000118255615,735
2016-01-03 19:00:00,0.9643999934196472,0.9599999785423279,0.9186000227928162,0.949999988079071,787
2016-01-02 19:00:00,0.9700000286102295,0.9546999931335449,0.9506000280380249,0.9599999785423279,485
2016-01-01 19:00:00,0.9546999931335449,0.9200000166893005,0.9200000166893005,0.9546999931335449,68
2015-12-31 19:00:00,0.9488000273704529,0.9488000273704529,0.91839998960495,0.9200000166893005,43
2015-12-30 19:00:00,0.9666000008583069,0.8924999833106995,0.8924999833106995,0.9488000273704529,766
2015-12-29 19:00:00,0.9290000200271606,0.8600000143051147,0.8600000143051147,0.8924999833106995,3942
2015-12-28 19:00:00,0.8899999856948853,0.8748999834060669,0.8432999849319458,0.8600000143051147,458
2015-12-27 19:00:00,0.9179999828338623,0.9179999828338623,0.8399999737739563,0.8748999834060669,3616
2015-12-26 19:00:00,0.9179999828338623,0.8529999852180481,0.8399999737739563,0.9179999828338623,1168
2015-12-25 19:00:00,1.0,0.8799999952316284,0.8500000238418579,0.8529999852180481,2673
2015-12-24 19:00:00,0.8799999952316284,0.8700000047683716,0.8568999767303467,0.8799999952316284,313
2015-12-23 19:00:00,0.8899000287055969,0.8708999752998352,0.8500000238418579,0.8700000047683716,1216
2015-12-22 19:00:00,0.9897000193595886,0.8799999952316284,0.8700000047683716,0.8708999752998352,498
2015-12-21 19:00:00,0.9998999834060669,0.9100000262260437,0.8799999952316284,0.8799999952316284,6918
2015-12-20 19:00:00,1.0700000524520874,1.0700000524520874,0.9100000262260437,0.9100000262260437,2543
2015-12-19 19:00:00,1.0700000524520874,0.8934999704360962,0.8934999704360962,1.0700000524520874,1380
2015-12-18 19:00:00,0.9193000197410583,0.8999999761581421,0.8934999704360962,0.8934999704360962,2153
2015-12-17 19:00:00,0.9399999976158142,0.9399999976158142,0.8999999761581421,0.8999999761581421,376
2015-12-16 19:00:00,0.9700999855995178,0.8029999732971191,0.8029999732971191,0.9399999976158142,576
2015-12-15 19:00:00,1.100000023841858,1.0,0.800000011920929,0.8029999732971191,5846
2015-12-14 19:00:00,1.0,0.9900000095367432,0.9599999785423279,1.0,8124
2015-12-13 19:00:00,0.9900000095367432,0.9199000000953674,0.9628000259399414,0.9900000095367432,4533
2015-12-12 19:00:00,0.9749000072479248,0.9599999785423279,0.8834999799728394,0.9199000000953674,980
2015-12-11 19:00:00,0.9599999785423279,0.8998000025749207,0.8998000025749207,0.9599999785423279,5089
2015-12-10 19:00:00,0.8999999761581421,0.8436999917030334,0.7699999809265137,0.8998000025749207,5965
2015-12-09 19:00:00,0.8683000206947327,0.8051000237464905,0.779699981212616,0.8436999917030334,5897
2015-12-08 19:00:00,0.8532999753952026,0.8101999759674072,0.7609999775886536,0.8051000237464905,7556
2015-12-07 19:00:00,0.8980000019073486,0.7900000214576721,0.7796000242233276,0.8101999759674072,5379
2015-12-06 19:00:00,0.824999988079071,0.824999988079071,0.7828999757766724,0.7900000214576721,1325
2015-12-05 19:00:00,0.8700000047683716,0.8698999881744385,0.824999988079071,0.824999988079071,765
2015-12-04 19:00:00,0.8698999881744385,0.8399999737739563,0.835099995136261,0.8698999881744385,785
2015-12-03 19:00:00,0.8399999737739563,0.8299999833106995,0.8245999813079834,0.8399999737739563,527
2015-12-02 19:00:00,0.8299999833106995,0.8199999928474426,0.7979000210762024,0.8299999833106995,905
2015-12-01 19:00:00,0.8700000047683716,0.8700000047683716,0.800000011920929,0.8199999928474426,3243
2015-11-30 19:00:00,0.8884999752044678,0.8799999952316284,0.8422999978065491,0.8700000047683716,2502
2015-11-29 19:00:00,0.8799999952316284,0.8700000047683716,0.8673999905586243,0.8799999952316284,394
2015-11-28 19:00:00,0.9100000262260437,0.9100000262260437,0.8500000238418579,0.8700000047683716,2380
2015-11-27 19:00:00,0.9100000262260437,0.8799999952316284,0.8799999952316284,0.9100000262260437,968
2015-11-26 19:00:00,0.8899999856948853,0.8600000143051147,0.8799999952316284,0.8799999952316284,719
2015-11-25 19:00:00,0.9100000262260437,0.8700000047683716,0.815500020980835,0.8600000143051147,4777
2015-11-24 19:00:00,0.9125999808311462,0.9100000262260437,0.8673999905586243,0.8700000047683716,2775
2015-11-23 19:00:00,0.949999988079071,0.9200000166893005,0.9100000262260437,0.9100000262260437,544
2015-11-22 19:00:00,0.9200000166893005,0.9700000286102295,0.9200000166893005,0.9200000166893005,775
2015-11-21 19:00:00,0.9700000286102295,0.9599999785423279,0.8827000260353088,0.9700000286102295,236
2015-11-20 19:00:00,0.9599999785423279,0.9200000166893005,0.9200000166893005,0.9599999785423279,378
2015-11-19 19:00:00,0.9399999976158142,0.9399999976158142,0.9100000262260437,0.9200000166893005,154
2015-11-18 19:00:00,1.0,0.9973000288009644,0.9200000166893005,0.9399999976158142,1221
2015-11-17 19:00:00,1.0,1.0,0.949999988079071,0.9973000288009644,3299
2015-11-16 19:00:00,1.0,0.925000011920929,0.9223999977111816,1.0,9189
2015-11-15 19:00:00,0.925000011920929,0.9193000197410583,0.6611999869346619,0.925000011920929,2699
2015-11-14 19:00:00,0.9193000197410583,0.8799999952316284,0.8745999932289124,0.9193000197410583,770
2015-11-13 19:00:00,0.9100000262260437,0.8999999761581421,0.8736000061035156,0.8799999952316284,469
2015-11-12 19:00:00,0.8999999761581421,0.8799999952316284,0.8395000100135803,0.8999999761581421,1625
2015-11-11 19:00:00,0.8999999761581421,0.75,0.75,0.8799999952316284,2032
2015-11-10 19:00:00,0.9399999976158142,0.8999999761581421,0.7300000190734863,0.75,9539
2015-11-09 19:00:00,1.0,0.9980000257492065,0.8999999761581421,0.8999999761581421,7531
2015-11-08 19:00:00,1.0800000429153442,1.0,0.8899999856948853,0.9980000257492065,8903
2015-11-07 19:00:00,1.0,0.9300000071525574,0.8945000171661377,1.0,3067
2015-11-06 19:00:00,0.9300000071525574,0.9898999929428101,0.8647000193595886,0.9300000071525574,1195
2015-11-05 19:00:00,0.9898999929428101,0.8763999938964844,0.7900000214576721,0.9898999929428101,3121
2015-11-04 19:00:00,1.0,0.7990000247955322,0.7990000247955322,0.8763999938964844,1078
2015-11-03 19:00:00,1.059999942779541,1.059999942779541,0.7986999750137329,0.7990000247955322,5189
2015-11-02 19:00:00,1.059999942779541,0.9878000020980835,0.8424999713897705,1.059999942779541,6124
2015-11-01 19:00:00,1.059999942779541,0.9900000095367432,0.9753000140190125,0.9878000020980835,7192
2015-10-31 20:00:00,0.9900000095367432,0.8676000237464905,0.8676000237464905,0.9900000095367432,176
2015-10-30 20:00:00,1.1399999856948853,1.1399999856948853,0.8676000237464905,0.8676000237464905,804
2015-10-29 20:00:00,1.340000033378601,1.1200000047683716,1.1200000047683716,1.1399999856948853,4346
2015-10-28 20:00:00,1.2000000476837158,0.9900000095367432,0.9717000126838684,1.1200000047683716,4937
2015-10-27 20:00:00,1.0099999904632568,0.8299999833106995,0.8199999928474426,0.9900000095367432,4611
2015-10-26 20:00:00,0.9010000228881836,0.7059999704360962,0.701200008392334,0.8299999833106995,1738
2015-10-25 20:00:00,0.7059999704360962,0.6200000047683716,0.6200000047683716,0.7059999704360962,1190
2015-10-24 19:00:00,0.6700000166893005,0.5561000108718872,0.5874999761581421,0.6200000047683716,902
2015-10-23 19:00:00,0.5561000108718872,0.5648999810218811,0.5099999904632568,0.5561000108718872,156
2015-10-22 19:00:00,0.609000027179718,0.609000027179718,0.5,0.5648999810218811,2166
2015-10-21 19:00:00,0.609000027179718,0.41999998688697815,0.41100001335144043,0.609000027179718,1759
2015-10-20 19:00:00,0.47189998626708984,0.4399999976158142,0.41999998688697815,0.41999998688697815,707
2015-10-19 19:00:00,0.4805000126361847,0.5,0.4399999976158142,0.4399999976158142,682
2015-10-18 19:00:00,0.5049999952316284,0.5049999952316284,0.4821000099182129,0.5,780
2015-10-17 19:00:00,0.5199999809265137,0.5230000019073486,0.5049999952316284,0.5049999952316284,534
2015-10-16 19:00:00,0.5400000214576721,0.5249999761581421,0.5199999809265137,0.5230000019073486,855
2015-10-15 19:00:00,0.5622000098228455,0.5600000023841858,0.5249999761581421,0.5249999761581421,210
2015-10-14 19:00:00,0.5600000023841858,0.5,0.4832000136375427,0.5600000023841858,128
2015-10-13 19:00:00,0.6017000079154968,0.6017000079154968,0.5,0.5,1538
2015-10-12 19:00:00,0.6499999761581421,0.6299999952316284,0.6015999913215637,0.6017000079154968,471
2015-10-11 19:00:00,0.6389999985694885,0.5993000268936157,0.6299999952316284,0.6299999952316284,13
2015-10-10 19:00:00,0.5993000268936157,0.635200023651123,0.5993000268936157,0.5993000268936157,8
2015-10-09 19:00:00,0.75,0.75,0.6351000070571899,0.6351000070571899,0
2015-10-08 19:00:00,0.635200023651123,0.6200000047683716,0.5701000094413757,0.635200023651123,1298
2015-10-07 19:00:00,0.6399999856948853,0.6000000238418579,0.6000000238418579,0.6200000047683716,3673
2015-10-06 19:00:00,0.6110000014305115,0.6510999798774719,0.6000000238418579,0.6000000238418579,1236
2015-10-05 19:00:00,0.6510999798774719,0.6078000068664551,0.6090999841690063,0.6510999798774719,15
2015-10-04 19:00:00,0.609499990940094,0.609499990940094,0.6078000068664551,0.6078000068664551,35
2015-10-03 19:00:00,0.6747000217437744,0.6796000003814697,0.609499990940094,0.609499990940094,533
2015-10-02 19:00:00,0.6796000003814697,0.6646999716758728,0.6646999716758728,0.6796000003814697,34
2015-10-01 19:00:00,0.6660000085830688,0.6547999978065491,0.6547999978065491,0.6646999716758728,266
2015-09-30 19:00:00,0.713699996471405,0.713699996471405,0.6545000076293945,0.6547999978065491,457
2015-09-29 19:00:00,0.7400000095367432,0.6815999746322632,0.5045999884605408,0.713699996471405,529
2015-09-28 19:00:00,0.6815999746322632,0.6000000238418579,0.5,0.6815999746322632,11590
2015-09-27 19:00:00,0.7046999931335449,0.7008000016212463,0.6000000238418579,0.6000000238418579,3491
2015-09-26 19:00:00,0.7702999711036682,0.7702999711036682,0.7006999850273132,0.7008000016212463,10
2015-09-25 19:00:00,0.7702999711036682,0.6822999715805054,0.6804999709129333,0.7702999711036682,58
2015-09-24 19:00:00,0.800000011920929,0.800000011920929,0.6822999715805054,0.6822999715805054,2184
2015-09-23 19:00:00,0.9100000262260437,0.9100000262260437,0.800000011920929,0.800000011920929,568
2015-09-22 19:00:00,0.9100000262260437,0.805899977684021,0.805899977684021,0.9100000262260437,13
2015-09-21 19:00:00,0.9412000179290771,0.9412000179290771,0.805899977684021,0.805899977684021,175
2015-09-20 19:00:00,0.949999988079071,0.8870999813079834,0.8870999813079834,0.9412000179290771,171
2015-09-19 19:00:00,0.8899999856948853,0.8899999856948853,0.8799999952316284,0.8870999813079834,12
2015-09-18 19:00:00,0.8899999856948853,0.8522999882698059,0.8012999892234802,0.8899999856948853,3
2015-09-17 19:00:00,0.8799999952316284,0.875,0.8522999882698059,0.8522999882698059,593
2015-09-16 19:00:00,0.9362999796867371,0.9362999796867371,0.8238000273704529,0.875,129
2015-09-15 19:00:00,0.9563000202178955,0.949999988079071,0.9362999796867371,0.9362999796867371,47
2015-09-14 19:00:00,1.0,0.9549999833106995,0.8040000200271606,0.949999988079071,2273
2015-09-13 19:00:00,0.9621999859809875,0.8855999708175659,0.8849999904632568,0.9549999833106995,805
2015-09-12 19:00:00,1.149999976158142,1.149999976158142,0.8837000131607056,0.8855999708175659,3817
2015-09-11 19:00:00,1.149999976158142,0.9241999983787537,0.9241999983787537,1.149999976158142,513
2015-09-10 19:00:00,1.190000057220459,1.190000057220459,0.9241999983787537,0.9241999983787537,3066
2015-09-09 19:00:00,1.2100000381469727,1.2100000381469727,1.1200000047683716,1.190000057220459,3361
2015-09-08 19:00:00,1.2599999904632568,1.2599999904632568,1.2100000381469727,1.2100000381469727,27
2015-09-07 19:00:00,1.2799999713897705,1.2799999713897705,1.2599999904632568,1.2599999904632568,103
2015-09-06 19:00:00,1.340000033378601,1.340000033378601,1.2799999713897705,1.2799999713897705,526
2015-09-05 19:00:00,1.3899999856948853,1.3700000047683716,1.340000033378601,1.340000033378601,145
2015-09-04 19:00:00,1.3700000047683716,1.2300000190734863,1.2300000190734863,1.3700000047683716,10437
2015-09-03 19:00:00,1.399999976158142,1.2799999713897705,1.2799999713897705,1.350000023841858,18
2015-09-02 19:00:00,1.3300000429153442,1.1399999856948853,1.1399999856948853,1.2300000190734863,3717
2015-09-01 19:00:00,1.3700000047683716,1.3600000143051147,1.1399999856948853,1.1399999856948853,698
2015-08-31 19:00:00,1.3799999952316284,1.309999942779541,1.309999942779541,1.3600000143051147,1220
2015-08-30 19:00:00,1.3200000524520874,1.3200000524520874,0.8999999761581421,1.309999942779541,3959
2015-08-29 19:00:00,1.350000023841858,1.1799999475479126,1.1699999570846558,1.3200000524520874,10975
2015-08-28 19:00:00,1.2999999523162842,1.2999999523162842,1.149999976158142,1.1799999475479126,383
2015-08-27 19:00:00,1.2999999523162842,1.1399999856948853,1.1399999856948853,1.2999999523162842,26922
2015-08-26 19:00:00,1.190000057220459,1.1799999475479126,1.1399999856948853,1.1399999856948853,269
2015-08-25 19:00:00,1.2699999809265137,1.2699999809265137,1.0800000429153442,1.1799999475479126,2337
2015-08-24 19:00:00,1.2799999713897705,1.2400000095367432,1.2200000286102295,1.2699999809265137,1188
2015-08-23 19:00:00,1.350000023841858,1.350000023841858,1.2400000095367432,1.2400000095367432,6460
2015-08-22 19:00:00,1.399999976158142,1.399999976158142,1.309999942779541,1.350000023841858,438
2015-08-21 19:00:00,1.440000057220459,1.440000057220459,1.399999976158142,1.399999976158142,321
2015-08-20 19:00:00,1.5299999713897705,1.5199999809265137,1.440000057220459,1.440000057220459,9197
2015-08-19 19:00:00,1.5199999809265137,1.2400000095367432,1.2400000095367432,1.5199999809265137,1771
2015-08-18 19:00:00,1.3600000143051147,1.3600000143051147,0.9900000095367432,1.2400000095367432,4769
2015-08-17 19:00:00,1.3600000143051147,1.2999999523162842,1.149999976158142,1.3600000143051147,2867
2015-08-16 19:00:00,1.590000033378601,1.3700000047683716,1.25,1.2999999523162842,6063
2015-08-15 19:00:00,1.7899999618530273,1.7899999618530273,0.5,1.3700000047683716,10794
2015-08-14 19:00:00,1.7899999618530273,1.7899999618530273,1.5,1.7899999618530273,14812
2015-08-13 19:00:00,2.0999999046325684,1.8799999952316284,1.7899999618530273,1.7899999618530273,11070
2015-08-12 19:00:00,1.8799999952316284,1.2899999618530273,1.2599999904632568,1.8799999952316284,4923
2015-08-11 19:00:00,1.2899999618530273,0.9900000095367432,0.9049999713897705,1.2899999618530273,2376
2015-08-10 19:00:00,1.2000000476837158,1.2000000476837158,0.6503999829292297,0.9900000095367432,7419
2015-08-09 19:00:00,1.2000000476837158,1.2000000476837158,1.2000000476837158,1.2000000476837158,0
2015-08-08 19:00:00,1.2000000476837158,1.2000000476837158,1.2000000476837158,1.2000000476837158,0
2015-08-07 19:00:00,3.0,3.0,0.15000000596046448,1.2000000476837158,1438
2015-08-06 19:00:00,3.0,0.6747000217437744,0.6747000217437744,3.0,371
